NP_414776_1	NC_000913.3	260099	259044
NP_415449_1	NC_000913.3	986981	985893
NP_415895_1	NC_000913.3	1436892	1435759
NP_416719_1	NC_000913.3	2312748	2311645
YP_009518782_1	NC_000913.3	1546027	1545737
NP_416270_1	NC_000913.3	1838746	1839399
NP_418456_1	NC_000913.3	4243515	4242625
NP_418458_1	NC_000913.3	4246418	4245228
NP_418459_1	NC_000913.3	4246783	4247898
NP_418457_1	NC_000913.3	4245074	4243530
NP_418460_1	NC_000913.3	4247970	4249310
NP_418634_1	NC_000913.3	4436564	4434621
NP_417312_1	NC_000913.3	2973861	2972668
NP_417313_1	NC_000913.3	2976013	2973854
NP_418009_2	NC_000913.3	3717309	3718283
NP_416602_1	NC_000913.3	2180094	2181098
NP_414980_2	NC_000913.3	467411	468229
NP_415652_1	NC_000913.3	1194287	1193826
NP_414928_2	NC_000913.3	410143	411051
NP_415684_1	NC_000913.3	1216368	1216634
NP_416289_1	NC_000913.3	1860228	1858849
NP_415529_1	NC_000913.3	1071764	1070964
NP_414722_1	NC_000913.3	202100	202555
NP_415474_1	NC_000913.3	1016469	1015951
NP_414881_1	NC_000913.3	368610	370274
NP_416604_1	NC_000913.3	2182780	2182034
NP_416141_4	NC_000913.3	1704307	1703267
NP_416606_1	NC_000913.3	2184515	2183715
NP_416607_1	NC_000913.3	2185300	2184512
NP_417096_1	NC_000913.3	2743624	2744106
YP_026228_1	NC_000913.3	3716546	3717205
NP_415611_1	NC_000913.3	1150669	1151403
NP_416136_1	NC_000913.3	1698039	1697272
NP_417378_1	NC_000913.3	3045900	3045157
NP_418670_1	NC_000913.3	4474052	4473339
NP_415613_1	NC_000913.3	1151938	1153179
NP_416826_1	NC_000913.3	2441604	2440384
NP_415915_1	NC_000913.3	1460892	1462097
NP_417321_2	NC_000913.3	2985591	2984410
NP_415760_1	NC_000913.3	1302898	1303818
NP_415761_1	NC_000913.3	1303833	1304741
NP_415763_1	NC_000913.3	1305763	1306767
YP_025300_1	NC_000913.3	1304753	1305766
NP_415845_2	NC_000913.3	1393226	1394839
NP_415904_3	NC_000913.3	1451348	1449075
NP_417078_4	NC_000913.3	2719222	2719920
NP_418045_4	NC_000913.3	3756510	3754972
NP_416603_1	NC_000913.3	2181095	2182060
NP_414819_1	NC_000913.3	301886	300930
NP_414820_1	NC_000913.3	302572	301883
NP_417357_1	NC_000913.3	3021315	3024185
NP_416749_4	NC_000913.3	2360151	2358862
NP_414544_1	NC_000913.3	2800	3732
NP_414545_1	NC_000913.3	3733	5019
NP_417586_1	NC_000913.3	3265016	3263685
NP_415710_1	NC_000913.3	1243079	1242165
NP_415759_1	NC_000913.3	1301181	1302812
NP_417492_1	NC_000913.3	3167717	3166110
NP_418687_1	NC_000913.3	4493350	4492586
NP_418686_1	NC_000913.3	4492524	4491205
NP_414701_1	NC_000913.3	179152	178454
NP_417188_4	NC_000913.3	2829812	2830777
NP_417664_1	NC_000913.3	3341265	3342251
NP_415612_1	NC_000913.3	1151614	1151850
NP_418241_1	NC_000913.3	3978600	3979952
YP_026257_1	NC_000913.3	3977524	3978603
NP_416437_1	NC_000913.3	2006155	2007642
NP_416442_1	NC_000913.3	2010599	2011078
NP_418028_1	NC_000913.3	3737496	3739526
NP_417377_1	NC_000913.3	3043661	3045100
NP_415818_1	NC_000913.3	1365549	1366814
NP_417148_1	NC_000913.3	2792734	2794014
NP_415961_1	NC_000913.3	1515577	1517001
NP_417149_1	NC_000913.3	2794252	2795652
NP_416725_1	NC_000913.3	2323446	2324108
NP_416726_1	NC_000913.3	2324108	2324758
NP_416728_1	NC_000913.3	2326108	2327292
NP_416844_1	NC_000913.3	2460468	2459158
YP_026272_1	NC_000913.3	4028771	4027608
NP_416727_1	NC_000913.3	2324755	2326077
NP_414885_1	NC_000913.3	372920	373870
NP_415757_1	NC_000913.3	1298120	1295445
NP_417484_1	NC_000913.3	3155354	3156517
NP_414727_1	NC_000913.3	208620	209579
NP_417722_1	NC_000913.3	3405916	3407265
NP_416819_1	NC_000913.3	2433925	2433011
NP_417721_1	NC_000913.3	3405435	3405905
NP_414869_1	NC_000913.3	352705	354591
NP_418493_1	NC_000913.3	4287370	4285412
NP_415637_1	NC_000913.3	1178592	1179503
NP_415640_2	NC_000913.3	1181724	1181263
NP_418231_1	NC_000913.3	3967915	3969018
NP_417673_1	NC_000913.3	3347965	3348237
YP_026278_1	NC_000913.3	4142220	4139719
NP_415205_1	NC_000913.3	703943	705889
NP_416910_1	NC_000913.3	2533763	2534020
NP_416911_1	NC_000913.3	2534065	2535792
NP_415619_1	NC_000913.3	1157868	1159301
NP_416912_1	NC_000913.3	2535833	2536342
NP_418394_3	NC_000913.3	4156012	4156788
NP_417295_1	NC_000913.3	2949241	2950572
NP_418127_1	NC_000913.3	3852783	3851095
NP_418217_1	NC_000913.3	3952200	3952463
NP_414620_1	NC_000913.3	87356	87847
YP_025294_2	NC_000913.3	85629	87353
NP_418126_1	NC_000913.3	3851091	3850801
NP_416363_1	NC_000913.3	1930880	1932058
NP_416799_1	NC_000913.3	2413469	2414671
NP_417585_2	NC_000913.3	3263659	3262451
NP_416923_1	NC_000913.3	2545772	2546668
NP_418242_1	NC_000913.3	3979955	3980695
NP_416331_1	NC_000913.3	1902047	1903018
NP_416332_1	NC_000913.3	1903081	1903881
NP_416333_4	NC_000913.3	1903894	1904745
NP_416924_1	NC_000913.3	2546672	2548096
NP_417691_4	NC_000913.3	3372573	3371083
NP_418699_4	NC_000913.3	4504057	4505274
NP_418731_2	NC_000913.3	4539500	4538784
NP_417692_1	NC_000913.3	3373575	3372682
NP_416210_4	NC_000913.3	1777195	1778346
NP_414581_1	NC_000913.3	40385	39243
NP_414756_2	NC_000913.3	243302	240858
NP_418608_6	NC_000913.3	4414274	4415899
NP_415609_1	NC_000913.3	1148758	1149711
NP_418392_1	NC_000913.3	4154846	4153695
NP_417666_1	NC_000913.3	3342835	3343410
NP_417667_1	NC_000913.3	3343379	3343936
NP_417668_1	NC_000913.3	3343943	3344668
NP_418683_4	NC_000913.3	4487317	4488399
NP_418682_1	NC_000913.3	4486217	4487317
NP_414660_1	NC_000913.3	131614	134211
NP_415292_2	NC_000913.3	803502	805763
NP_415792_1	NC_000913.3	1335830	1338505
NP_416262_1	NC_000913.3	1831981	1830761
NP_417818_1	NC_000913.3	3490179	3488959
NP_415608_2	NC_000913.3	1147620	1148690
NP_415421_1	NC_000913.3	949667	950257
NP_416327_1	NC_000913.3	1896169	1896747
NP_417058_1	NC_000913.3	2700997	2700617
NP_417932_1	NC_000913.3	3612968	3613555
NP_416050_4	NC_000913.3	1621136	1620237
NP_416468_1	NC_000913.3	2029538	2030458
NP_417073_1	NC_000913.3	2715422	2716009
NP_418491_1	NC_000913.3	4284901	4283252
NP_415400_1	NC_000913.3	920346	922292
NP_416140_1	NC_000913.3	1702232	1703233
NP_415614_1	NC_000913.3	1153299	1154108
NP_415615_1	NC_000913.3	1154111	1155133
NP_417819_1	NC_000913.3	3490828	3490265
NP_416326_1	NC_000913.3	1894804	1896165
NP_418121_1	NC_000913.3	3843963	3845729
NP_418111_1	NC_000913.3	3828944	3830335
NP_418120_2	NC_000913.3	3843788	3842454
NP_418170_1	NC_000913.3	3896608	3895271
NP_415007_1	NC_000913.3	497174	497818
NP_414662_1	NC_000913.3	135581	134787
NP_418250_1	NC_000913.3	3991152	3993698
NP_416666_1	NC_000913.3	2254144	2252894
NP_416894_1	NC_000913.3	2513041	2514243
NP_416901_1	NC_000913.3	2523984	2522728
NP_417439_4	NC_000913.3	3105713	3106969
NP_414945_1	NC_000913.3	432012	431128
NP_414571_1	NC_000913.3	27292	28206
NP_417506_1	NC_000913.3	3177909	3177280
NP_417856_1	NC_000913.3	3526148	3525588
NP_415002_1	NC_000913.3	491411	491962
NP_416564_4	NC_000913.3	2135651	2133489
NP_417230_1	NC_000913.3	2873991	2873386
NP_415649_1	NC_000913.3	1191985	1190615
NP_418598_1	NC_000913.3	4404686	4405984
NP_415203_1	NC_000913.3	702750	701602
NP_414652_1	NC_000913.3	118732	119283
NP_415388_1	NC_000913.3	904912	905742
NP_416930_1	NC_000913.3	2552351	2553220
NP_417294_4	NC_000913.3	2949009	2947756
NP_418590_1	NC_000913.3	4396064	4397401
NP_415625_1	NC_000913.3	1164094	1165119
NP_414967_1	NC_000913.3	453544	452069
NP_418076_1	NC_000913.3	3793986	3794918
NP_415108_1	NC_000913.3	601958	603334
NP_416873_1	NC_000913.3	2490185	2489241
NP_417412_1	NC_000913.3	3083796	3082876
NP_417490_1	NC_000913.3	3163480	3162743
NP_418393_1	NC_000913.3	4155000	4156004
NP_418434_1	NC_000913.3	4207531	4205942
NP_415055_1	NC_000913.3	552593	551526
NP_415056_1	NC_000913.3	553099	552590
NP_414658_1	NC_000913.3	127911	129335
NP_414838_2	NC_000913.3	320000	318675
NP_415254_1	NC_000913.3	758705	761506
NP_415255_1	NC_000913.3	761521	762738
NP_417082_1	NC_000913.3	2725745	2724447
NP_417911_4	NC_000913.3	3593436	3592723
NP_417912_1	NC_000913.3	3594205	3593438
NP_417913_1	NC_000913.3	3595479	3594202
NP_417914_1	NC_000913.3	3596402	3595476
YP_026223_1	NC_000913.3	3599657	3598554
NP_415806_1	NC_000913.3	1352633	1351827
NP_415810_1	NC_000913.3	1357109	1355466
YP_026282_1	NC_000913.3	4318763	4318005
NP_416000_1	NC_000913.3	1558037	1557111
NP_416001_1	NC_000913.3	1559016	1558030
NP_416002_1	NC_000913.3	1559909	1559013
NP_416003_1	NC_000913.3	1560928	1559906
NP_416004_1	NC_000913.3	1562480	1560930
NP_417997_1	NC_000913.3	3702867	3701863
NP_417998_1	NC_000913.3	3703847	3702864
NP_418000_1	NC_000913.3	3705789	3704770
NP_418001_1	NC_000913.3	3707704	3706097
NP_417999_1	NC_000913.3	3704760	3703858
NP_416005_1	NC_000913.3	1563075	1562494
NP_414634_1	NC_000913.3	102232	103152
NP_414915_1	NC_000913.3	400922	399828
NP_415841_4	NC_000913.3	1388929	1389894
NP_415708_1	NC_000913.3	1238878	1239948
NP_418477_1	NC_000913.3	4265781	4266860
NP_418629_1	NC_000913.3	4429863	4431275
YP_026258_1	NC_000913.3	3980886	3982271
NP_414548_1	NC_000913.3	7958	6528
NP_415391_1	NC_000913.3	909293	908292
NP_417046_1	NC_000913.3	2685506	2684253
NP_416793_1	NC_000913.3	2407560	2408777
NP_416880_1	NC_000913.3	2498294	2497056
NP_418760_1	NC_000913.3	4571573	4570161
NP_414890_1	NC_000913.3	379570	378461
NP_416285_1	NC_000913.3	1855970	1854990
NP_417719_1	NC_000913.3	3403483	3404457
NP_415995_4	NC_000913.3	1553837	1552827
NP_414859_1	NC_000913.3	342883	343932
NP_415141_1	NC_000913.3	642087	643325
NP_418690_4	NC_000913.3	4496208	4495189
NP_415903_4	NC_000913.3	1447518	1449017
NP_415816_1	NC_000913.3	1362742	1364229
NP_418510_1	NC_000913.3	4309468	4308488
NP_418512_1	NC_000913.3	4312041	4311106
NP_418511_1	NC_000913.3	4310979	4309447
NP_418508_1	NC_000913.3	4307798	4306869
NP_418514_1	NC_000913.3	4313349	4313798
NP_415049_1	NC_000913.3	545291	544056
NP_415045_1	NC_000913.3	539146	540507
NP_415044_4	NC_000913.3	537632	539086
NP_418509_1	NC_000913.3	4308477	4307782
NP_414743_1	NC_000913.3	229166	229969
NP_416295_1	NC_000913.3	1865635	1864781
NP_417311_1	NC_000913.3	2971596	2972636
NP_417474_1	NC_000913.3	3147896	3148936
NP_417485_4	NC_000913.3	3156622	3157449
NP_418380_4	NC_000913.3	4139034	4137931
NP_417562_1	NC_000913.3	3243313	3241826
NP_417875_1	NC_000913.3	3550069	3547985
NP_417690_1	NC_000913.3	3371035	3370346
NP_417689_4	NC_000913.3	3370349	3369474
YP_026269_1	NC_000913.3	4018854	4019609
NP_418364_1	NC_000913.3	4119329	4118844
YP_026162_2	NC_000913.3	1983539	1982553
NP_418422_1	NC_000913.3	4196098	4194203
NP_416489_1	NC_000913.3	2055060	2056514
NP_414772_1	NC_000913.3	255715	254258
NP_415452_1	NC_000913.3	990621	993233
NP_417018_4	NC_000913.3	2656357	2655074
NP_418681_1	NC_000913.3	4485950	4484439
YP_026169_1	NC_000913.3	2661530	2660316
NP_416157_1	NC_000913.3	1719601	1718492
NP_415321_1	NC_000913.3	835247	836209
NP_415779_1	NC_000913.3	1321383	1319788
NP_415780_1	NC_000913.3	1322945	1321383
NP_416188_1	NC_000913.3	1753829	1751727
NP_414591_1	NC_000913.3	51221	50379
NP_416352_4	NC_000913.3	1922968	1922312
NP_417214_1	NC_000913.3	2859759	2860415
NP_417366_1	NC_000913.3	3035173	3033656
NP_418553_1	NC_000913.3	4354716	4353199
NP_414754_1	NC_000913.3	240188	239418
NP_417531_1	NC_000913.3	3204693	3205310
NP_415488_1	NC_000913.3	1030063	1030341
NP_414948_1	NC_000913.3	433454	434557
NP_417213_1	NC_000913.3	2857092	2859653
NP_417282_1	NC_000913.3	2935583	2937358
NP_414604_1	NC_000913.3	68336	66834
NP_416413_1	NC_000913.3	1985068	1983554
NP_416414_1	NC_000913.3	1986127	1985138
NP_417251_2	NC_000913.3	2897869	2896532
NP_417318_1	NC_000913.3	2982181	2980763
NP_418114_4	NC_000913.3	3835928	3834546
NP_416045_1	NC_000913.3	1617027	1618217
NP_416174_1	NC_000913.3	1737289	1736120
NP_417196_1	NC_000913.3	2840989	2842413
NP_418178_1	NC_000913.3	3905596	3903719
YP_026182_1	NC_000913.3	2839523	2840980
NP_418530_1	NC_000913.3	4325164	4324376
NP_415381_1	NC_000913.3	900574	899843
NP_415382_1	NC_000913.3	901533	900865
NP_415383_1	NC_000913.3	902249	901533
NP_415385_1	NC_000913.3	903733	903005
NP_416809_1	NC_000913.3	2424508	2423735
NP_416810_1	NC_000913.3	2425232	2424516
NP_416811_1	NC_000913.3	2425915	2425229
NP_416813_1	NC_000913.3	2427790	2427008
NP_418520_1	NC_000913.3	4317894	4317214
NP_417736_2	NC_000913.3	3421324	3422427
NP_417737_1	NC_000913.3	3422435	3423193
YP_026209_1	NC_000913.3	3420133	3421314
NP_415384_1	NC_000913.3	902987	902256
NP_418539_1	NC_000913.3	4337030	4335693
NP_418565_1	NC_000913.3	4370411	4369155
NP_417413_1	NC_000913.3	3085910	3083934
NP_418541_2	NC_000913.3	4340520	4338253
NP_416122_1	NC_000913.3	1679556	1680938
NP_417640_1	NC_000913.3	3318636	3319979
NP_418395_1	NC_000913.3	4156849	4158222
NP_417398_1	NC_000913.3	3068807	3068172
NP_415019_1	NC_000913.3	512575	513867
NP_416822_1	NC_000913.3	2436648	2435635
NP_417891_1	NC_000913.3	3574877	3573774
NP_418613_2	NC_000913.3	4419624	4418560
NP_418614_4	NC_000913.3	4419979	4421376
NP_418615_1	NC_000913.3	4421392	4421697
NP_418616_1	NC_000913.3	4421707	4422171
NP_417409_1	NC_000913.3	3079329	3078886
NP_415349_1	NC_000913.3	866567	867532
NP_416281_1	NC_000913.3	1850859	1851875
NP_417432_1	NC_000913.3	3100727	3099681
NP_415200_1	NC_000913.3	699176	697512
NP_418200_1	NC_000913.3	3927154	3928146
NP_415970_4	NC_000913.3	1525979	1524480
NP_417959_4	NC_000913.3	3648934	3650223
NP_414673_1	NC_000913.3	146693	146313
NP_415185_1	NC_000913.3	685254	684529
NP_415186_1	NC_000913.3	685928	685254
NP_415187_1	NC_000913.3	686668	685928
NP_415188_1	NC_000913.3	687746	686838
NP_418666_1	NC_000913.3	4472394	4471459
NP_418665_1	NC_000913.3	4471446	4470985
NP_414543_1	NC_000913.3	336	2798
NP_418375_1	NC_000913.3	4129834	4132266
NP_418448_1	NC_000913.3	4233232	4231883
NP_417069_1	NC_000913.3	2710419	2712041
NP_418562_4	NC_000913.3	4368326	4366890
NP_417985_1	NC_000913.3	3683446	3682160
NP_418547_1	NC_000913.3	4348743	4347403
NP_418561_1	NC_000913.3	4366772	4365471
NP_418501_1	NC_000913.3	4294480	4295793
NP_415133_1	NC_000913.3	633585	634745
NP_415448_1	NC_000913.3	985708	984518
NP_416990_1	NC_000913.3	2617577	2617936
NP_415582_1	NC_000913.3	1124053	1123406
NP_417960_1	NC_000913.3	3650236	3650661
NP_416261_1	NC_000913.3	1830764	1829730
NP_416057_1	NC_000913.3	1627516	1628262
NP_416523_1	NC_000913.3	2090191	2091090
NP_418188_1	NC_000913.3	3917374	3915992
NP_418189_1	NC_000913.3	3918264	3917401
NP_418190_1	NC_000913.3	3919856	3918315
NP_418192_1	NC_000913.3	3920887	3920417
NP_418193_1	NC_000913.3	3921188	3920949
NP_418187_1	NC_000913.3	3915971	3915552
NP_418191_1	NC_000913.3	3920402	3919869
NP_418194_1	NC_000913.3	3922050	3921235
NP_418195_2	NC_000913.3	3922439	3922059
NP_415023_1	NC_000913.3	515918	516595
NP_414846_1	NC_000913.3	328732	327260
NP_418177_1	NC_000913.3	3903700	3902288
NP_415348_1	NC_000913.3	866363	865128
NP_418294_1	NC_000913.3	4041998	4041414
NP_418293_2	NC_000913.3	4041432	4040905
NP_418635_1	NC_000913.3	4436754	4437494
NP_416290_1	NC_000913.3	1861331	1860255
NP_415296_1	NC_000913.3	809343	810383
NP_414901_1	NC_000913.3	386970	387797
NP_415454_4	NC_000913.3	994831	994040
NP_415456_4	NC_000913.3	996943	995984
NP_414900_1	NC_000913.3	386206	386973
NP_415453_1	NC_000913.3	994043	993276
NP_414899_2	NC_000913.3	385231	386193
NP_416921_4	NC_000913.3	2544622	2543831
NP_415804_1	NC_000913.3	1351038	1350250
NP_415734_1	NC_000913.3	1271848	1270748
NP_418556_1	NC_000913.3	4360030	4358696
NP_417663_1	NC_000913.3	3340274	3341251
NP_415786_1	NC_000913.3	1328356	1327766
NP_414857_1	NC_000913.3	340164	341114
NP_415054_1	NC_000913.3	550438	551331
NP_417350_1	NC_000913.3	3011460	3012392
NP_414573_1	NC_000913.3	29650	30798
NP_414574_1	NC_000913.3	30816	34037
NP_417926_1	NC_000913.3	3606450	3608648
NP_415273_1	NC_000913.3	784822	783881
NP_418350_1	NC_000913.3	4106468	4107370
NP_415399_4	NC_000913.3	919234	920349
NP_417512_1	NC_000913.3	3182549	3183322
NP_418353_1	NC_000913.3	4109929	4110684
NP_415801_1	NC_000913.3	1346741	1344756
NP_416583_1	NC_000913.3	2164275	2164997
NP_416724_1	NC_000913.3	2321865	2323250
NP_417049_1	NC_000913.3	2688802	2687468
NP_417986_4	NC_000913.3	3685617	3683629
NP_415726_1	NC_000913.3	1262876	1262025
NP_416682_4	NC_000913.3	2272363	2274177
NP_416250_1	NC_000913.3	1819804	1819454
NP_416715_1	NC_000913.3	2308614	2306971
YP_026225_1	NC_000913.3	3629537	3626802
NP_416632_1	NC_000913.3	2216475	2215744
NP_416633_1	NC_000913.3	2217406	2216480
NP_416634_1	NC_000913.3	2218556	2217399
NP_416635_1	NC_000913.3	2219480	2218563
NP_415315_4	NC_000913.3	828980	827244
NP_414848_1	NC_000913.3	329462	331495
NP_416315_1	NC_000913.3	1883187	1884632
NP_414845_1	NC_000913.3	327246	325576
YP_026233_1	NC_000913.3	3757826	3756675
NP_418134_1	NC_000913.3	3858403	3856910
NP_417090_1	NC_000913.3	2737744	2738904
NP_417091_1	NC_000913.3	2740068	2738947
NP_416832_1	NC_000913.3	2447472	2446387
NP_418463_4	NC_000913.3	4252505	4253002
NP_415147_1	NC_000913.3	648034	647483
NP_415148_1	NC_000913.3	649570	648038
NP_415149_4	NC_000913.3	650489	649581
NP_415150_1	NC_000913.3	650782	650486
NP_415145_1	NC_000913.3	646579	645116
NP_418176_1	NC_000913.3	3902219	3900603
NP_415310_1	NC_000913.3	823738	822497
NP_415564_2	NC_000913.3	1106354	1107775
NP_415765_1	NC_000913.3	1308644	1307184
NP_414697_1	NC_000913.3	175106	176527
NP_416109_2	NC_000913.3	1665314	1666570
NP_416890_1	NC_000913.3	2509629	2510885
NP_416599_2	NC_000913.3	2177203	2176349
NP_416601_1	NC_000913.3	2178820	2180097
NP_414996_1	NC_000913.3	485618	484425
NP_416965_1	NC_000913.3	2587594	2590707
NP_417507_2	NC_000913.3	3178114	3179595
NP_414995_1	NC_000913.3	484402	481253
NP_417971_1	NC_000913.3	3660413	3663526
NP_418260_1	NC_000913.3	4001425	4002375
NP_414982_1	NC_000913.3	468870	470642
NP_415434_1	NC_000913.3	966620	968368
NP_416679_4	NC_000913.3	2268853	2269566
NP_415302_1	NC_000913.3	817043	818032
NP_415304_1	NC_000913.3	818569	819054
NP_416931_1	NC_000913.3	2553224	2554123
NP_417430_1	NC_000913.3	3097266	3098402
NP_418303_2	NC_000913.3	4052044	4053417
NP_415194_1	NC_000913.3	694954	693530
NP_417163_1	NC_000913.3	2804814	2806016
NP_417662_1	NC_000913.3	3340064	3339255
NP_417164_1	NC_000913.3	2806009	2807073
NP_417165_1	NC_000913.3	2807131	2808123
NP_414580_1	NC_000913.3	39114	37897
NP_414578_2	NC_000913.3	36161	35376
NP_418535_1	NC_000913.3	4330501	4332003
NP_414582_1	NC_000913.3	41930	40416
NP_414796_2	NC_000913.3	278801	277755
NP_415248_1	NC_000913.3	754467	753184
NP_414858_1	NC_000913.3	341124	342506
NP_414871_1	NC_000913.3	356170	357453
NP_417054_2	NC_000913.3	2697856	2697353
NP_414870_1	NC_000913.3	354921	356180
NP_416400_1	NC_000913.3	1972690	1971029
NP_418288_1	NC_000913.3	4030970	4028781
NP_417260_1	NC_000913.3	2909665	2908028
NP_414665_1	NC_000913.3	137082	138632
NP_418808_1	NC_000913.3	4630521	4628854
NP_415824_1	NC_000913.3	1369688	1370002
NP_416271_4	NC_000913.3	1839466	1840773
NP_414874_1	NC_000913.3	359488	359958
NP_414875_1	NC_000913.3	359991	361145
NP_415406_1	NC_000913.3	929194	927473
NP_415407_1	NC_000913.3	930961	929195
NP_416427_1	NC_000913.3	1997813	1997061
NP_416428_1	NC_000913.3	1998478	1997810
NP_416430_1	NC_000913.3	2000384	1999584
NP_416429_4	NC_000913.3	1999479	1998493
NP_416431_2	NC_000913.3	2001023	2000472
NP_417481_1	NC_000913.3	3152235	3153422
NP_418164_4	NC_000913.3	3888729	3890144
NP_416909_1	NC_000913.3	2532408	2533379
NP_416916_1	NC_000913.3	2539582	2538671
NP_416139_1	NC_000913.3	1700956	1702128
NP_417975_1	NC_000913.3	3669187	3667790
NP_415261_2	NC_000913.3	771457	773025
NP_415262_1	NC_000913.3	773041	774180
NP_415497_1	NC_000913.3	1037739	1039283
NP_415498_1	NC_000913.3	1039296	1040432
NP_416185_1	NC_000913.3	1750347	1749562
NP_414963_1	NC_000913.3	448045	447716
NP_414964_1	NC_000913.3	448659	448045
NP_414965_1	NC_000913.3	450640	448649
NP_414966_1	NC_000913.3	451609	450662
NP_416648_1	NC_000913.3	2231843	2232727
NP_415184_1	NC_000913.3	684411	683476
NP_416667_1	NC_000913.3	2255185	2254244
NP_416570_2	NC_000913.3	2142947	2142306
NP_415430_1	NC_000913.3	961200	961883
NP_415707_1	NC_000913.3	1237570	1238868
NP_417528_1	NC_000913.3	3201890	3203128
NP_418466_1	NC_000913.3	4256636	4257004
NP_417347_1	NC_000913.3	3007509	3008705
NP_417315_1	NC_000913.3	2978898	2977636
NP_418254_2	NC_000913.3	3994761	3995585
NP_417871_1	NC_000913.3	3544843	3544073
NP_418680_1	NC_000913.3	4484279	4483836
NP_414622_1	NC_000913.3	88027	89031
NP_414717_2	NC_000913.3	195676	196533
NP_415927_1	NC_000913.3	1478225	1479121
NP_417513_1	NC_000913.3	3184465	3183812
NP_416248_1	NC_000913.3	1818499	1817147
NP_416569_1	NC_000913.3	2142214	2141633
NP_416562_1	NC_000913.3	2132554	2132066
NP_416849_1	NC_000913.3	2465300	2466232
NP_416846_2	NC_000913.3	2461305	2462645
NP_418148_1	NC_000913.3	3874473	3873595
NP_418345_2	NC_000913.3	4101689	4102672
NP_416286_4	NC_000913.3	1856927	1855980
NP_417983_2	NC_000913.3	3679418	3680347
NP_415275_1	NC_000913.3	785632	786684
NP_416219_1	NC_000913.3	1788434	1789480
NP_417092_1	NC_000913.3	2741149	2740079
YP_026238_1	NC_000913.3	3873611	3872994
NP_418105_1	NC_000913.3	3821427	3822050
NP_414635_1	NC_000913.3	103154	103984
NP_414919_1	NC_000913.3	403702	404817
NP_414934_1	NC_000913.3	417888	419183
NP_415355_1	NC_000913.3	875334	876662
NP_415857_2	NC_000913.3	1407794	1406562
NP_416007_3	NC_000913.3	1567139	1565757
NP_416031_1	NC_000913.3	1603018	1604046
NP_416032_1	NC_000913.3	1604046	1605038
NP_416039_1	NC_000913.3	1611853	1610906
NP_416052_1	NC_000913.3	1623849	1622959
NP_416299_1	NC_000913.3	1870384	1871859
NP_416300_2	NC_000913.3	1872040	1873530
NP_416465_2	NC_000913.3	2028016	2026322
NP_416896_4	NC_000913.3	2517831	2515642
NP_417864_1	NC_000913.3	3536583	3535864
NP_415911_1	NC_000913.3	1457496	1458263
NP_416843_1	NC_000913.3	2459158	2457014
NP_418717_1	NC_000913.3	4524093	4522126
YP_026248_1	NC_000913.3	3953477	3955327
NP_418715_2	NC_000913.3	4520323	4519337
NP_415716_4	NC_000913.3	1249113	1247695
NP_415717_1	NC_000913.3	1249756	1249124
NP_415718_6	NC_000913.3	1250837	1249767
NP_415128_1	NC_000913.3	628550	629296
NP_415126_1	NC_000913.3	626069	627679
NP_414882_1	NC_000913.3	370276	371220
NP_414572_1	NC_000913.3	28373	29194
NP_414802_2	NC_000913.3	282277	283185
NP_416973_1	NC_000913.3	2599759	2598881
NP_418718_4	NC_000913.3	4525009	4524104
NP_416748_1	NC_000913.3	2358844	2358041
NP_414590_1	NC_000913.3	49822	50301
NP_416123_1	NC_000913.3	1680975	1681697
NP_416818_1	NC_000913.3	2432941	2431673
NP_418365_1	NC_000913.3	4120348	4119422
NP_416765_1	NC_000913.3	2376818	2375961
NP_415264_1	NC_000913.3	774751	775155
NP_417530_2	NC_000913.3	3204588	3204220
NP_415465_1	NC_000913.3	1004767	1005777
NP_415580_1	NC_000913.3	1122606	1121560
NP_418748_1	NC_000913.3	4559525	4558353
NP_416600_4	NC_000913.3	2178563	2177511
NP_417036_1	NC_000913.3	2671224	2672036
NP_417644_4	NC_000913.3	3324910	3324062
NP_417848_1	NC_000913.3	3518485	3517397
NP_416208_1	NC_000913.3	1774685	1775443
NP_416683_1	NC_000913.3	2274178	2275272
NP_416684_1	NC_000913.3	2275272	2276297
NP_417449_1	NC_000913.3	3121278	3119596
NP_418060_1	NC_000913.3	3777398	3779053
NP_415115_2	NC_000913.3	610078	609458
NP_416714_1	NC_000913.3	2306753	2305107
NP_414955_1	NC_000913.3	441100	440201
NP_414570_1	NC_000913.3	26276	27226
NP_415431_1	NC_000913.3	961994	963667
NP_416386_4	NC_000913.3	1957006	1954577
NP_416387_1	NC_000913.3	1958131	1957031
NP_417307_1	NC_000913.3	2968976	2968446
YP_026263_3	NC_000913.3	4005863	4007692
NP_414641_1	NC_000913.3	111043	111432
NP_416379_1	NC_000913.3	1948180	1948632
NP_414645_1	NC_000913.3	113218	112598
NP_414959_1	NC_000913.3	444514	443603
NP_418222_1	NC_000913.3	3957969	3959444
NP_416665_1	NC_000913.3	2251699	2252787
NP_416030_1	NC_000913.3	1601489	1603024
NP_417043_1	NC_000913.3	2679366	2678383
NP_418798_1	NC_000913.3	4617322	4618101
NP_416129_1	NC_000913.3	1688376	1686730
NP_417245_1	NC_000913.3	2892213	2892578
NP_418546_1	NC_000913.3	4347325	4345679
NP_415616_1	NC_000913.3	1155123	1155764
NP_416651_1	NC_000913.3	2234032	2235270
NP_416652_4	NC_000913.3	2235264	2236499
NP_415754_1	NC_000913.3	1293526	1294143
NP_418799_1	NC_000913.3	4618228	4619550
NP_418801_1	NC_000913.3	4620882	4621601
NP_416754_1	NC_000913.3	2364553	2364978
NP_418097_1	NC_000913.3	3813931	3814386
NP_414715_1	NC_000913.3	193520	194716
NP_414954_1	NC_000913.3	440176	438314
NP_418021_1	NC_000913.3	3729370	3727916
NP_416293_1	NC_000913.3	1862770	1863765
NP_417402_1	NC_000913.3	3073690	3072671
NP_418079_1	NC_000913.3	3796947	3798206
NP_418232_2	NC_000913.3	3969030	3970076
NP_418239_1	NC_000913.3	3976277	3977527
NP_416364_1	NC_000913.3	1932755	1932114
NP_416365_1	NC_000913.3	1934603	1932792
NP_415572_1	NC_000913.3	1116581	1115661
NP_416369_1	NC_000913.3	1940192	1939221
NP_416879_4	NC_000913.3	2495644	2496564
NP_417259_1	NC_000913.3	2907940	2906642
NP_415117_2	NC_000913.3	612736	613938
YP_026189_1	NC_000913.3	3119111	3114549
NP_416936_4	NC_000913.3	2558678	2557317
NP_416948_4	NC_000913.3	2569510	2568323
NP_416935_1	NC_000913.3	2557296	2556409
NP_416947_1	NC_000913.3	2568106	2566880
NP_415346_4	NC_000913.3	863641	864303
NP_418381_1	NC_000913.3	4139707	4139045
NP_415343_1	NC_000913.3	860027	859212
NP_415365_4	NC_000913.3	886130	885315
NP_418122_1	NC_000913.3	3847166	3845775
NP_414938_1	NC_000913.3	424917	424336
NP_414986_1	NC_000913.3	475160	474300
NP_415769_1	NC_000913.3	1312245	1311847
NP_416216_5	NC_000913.3	1782976	1784676
NP_416319_1	NC_000913.3	1889745	1888060
NP_414584_1	NC_000913.3	43187	44128
NP_416213_1	NC_000913.3	1780400	1781338
NP_414583_2	NC_000913.3	42402	43172
NP_418286_1	NC_000913.3	4026526	4027227
NP_417244_1	NC_000913.3	2891897	2890098
NP_417243_1	NC_000913.3	2890098	2888386
NP_415966_6	NC_000913.3	1519026	1520063
NP_416034_1	NC_000913.3	1606099	1606974
NP_416287_1	NC_000913.3	1857768	1856932
NP_417400_1	NC_000913.3	3071243	3070164
NP_417405_1	NC_000913.3	3076181	3075216
NP_418360_1	NC_000913.3	4115578	4114568
NP_418653_1	NC_000913.3	4455608	4454610
NP_417283_2	NC_000913.3	2937467	2938885
NP_417218_1	NC_000913.3	2863592	2864230
NP_417280_1	NC_000913.3	2933687	2933040
NP_415008_1	NC_000913.3	498054	499016
NP_418327_1	NC_000913.3	4081227	4080298
NP_418331_1	NC_000913.3	4086015	4086848
NP_416018_1	NC_000913.3	1586485	1584206
NP_418503_1	NC_000913.3	4299365	4297218
NP_415991_1	NC_000913.3	1547400	1550447
NP_415992_1	NC_000913.3	1550460	1551344
NP_415993_1	NC_000913.3	1551337	1551990
NP_418328_1	NC_000913.3	4081859	4081224
NP_418329_1	NC_000913.3	4082758	4081856
NP_418330_1	NC_000913.3	4085821	4082771
NP_415455_1	NC_000913.3	995987	994842
NP_417867_1	NC_000913.3	3540162	3540389
NP_417868_1	NC_000913.3	3540406	3542727
NP_416135_1	NC_000913.3	1697051	1696461
NP_415721_1	NC_000913.3	1257811	1256720
NP_416893_1	NC_000913.3	2512705	2511467
NP_418708_1	NC_000913.3	4512413	4511457
NP_418709_1	NC_000913.3	4513408	4512410
NP_418710_4	NC_000913.3	4514307	4513405
NP_418707_1	NC_000913.3	4511456	4510689
NP_415265_1	NC_000913.3	775152	775844
NP_415266_1	NC_000913.3	775848	776276
NP_415768_1	NC_000913.3	1311088	1311807
NP_417478_1	NC_000913.3	3151242	3150817
NP_417479_1	NC_000913.3	3151983	3151249
NP_418711_1	NC_000913.3	4516676	4514352
NP_415120_1	NC_000913.3	620198	619383
NP_415121_1	NC_000913.3	621187	620195
NP_415122_1	NC_000913.3	622188	621184
NP_415124_1	NC_000913.3	624509	623553
NP_415326_1	NC_000913.3	841530	839248
NP_416660_1	NC_000913.3	2246768	2244777
NP_415537_1	NC_000913.3	1082242	1083369
NP_415538_1	NC_000913.3	1083375	1084646
NP_418184_1	NC_000913.3	3911524	3910484
NP_415116_1	NC_000913.3	612493	610253
NP_415123_1	NC_000913.3	622299	623549
NP_414693_1	NC_000913.3	169777	170574
NP_414694_1	NC_000913.3	170574	171464
NP_414695_1	NC_000913.3	171461	173443
NP_418787_1	NC_000913.3	4605662	4604874
NP_414692_1	NC_000913.3	167483	169726
NP_415968_1	NC_000913.3	1523064	1520962
NP_418630_1	NC_000913.3	4431982	4431320
NP_416497_1	NC_000913.3	2065763	2065218
YP_009518823_1	NC_000913.3	3861986	3861348
NP_415210_1	NC_000913.3	711464	710934
NP_417371_1	NC_000913.3	3039854	3040375
NP_418359_1	NC_000913.3	4114471	4113725
NP_417374_1	NC_000913.3	3041312	3042292
NP_417988_1	NC_000913.3	3690260	3689154
NP_418628_4	NC_000913.3	4428934	4429554
NP_417354_1	NC_000913.3	3016059	3019157
NP_414566_1	NC_000913.3	21406	22347
NP_415457_1	NC_000913.3	997511	996936
NP_416167_1	NC_000913.3	1726658	1727755
NP_418169_1	NC_000913.3	3894651	3895217
NP_415372_1	NC_000913.3	891183	891905
NP_417387_3	NC_000913.3	3056240	3056788
NP_416875_1	NC_000913.3	2493253	2492003
NP_415424_1	NC_000913.3	954465	953608
NP_416987_1	NC_000913.3	2613933	2614781
NP_418575_1	NC_000913.3	4379365	4379006
NP_418576_1	NC_000913.3	4379771	4379376
NP_418577_1	NC_000913.3	4380516	4379782
NP_418578_1	NC_000913.3	4382317	4380509
NP_416673_1	NC_000913.3	2262364	2261426
NP_417830_4	NC_000913.3	3501267	3502289
YP_026213_1	NC_000913.3	3502339	3503169
NP_417833_1	NC_000913.3	3503166	3503951
NP_417829_2	NC_000913.3	3499909	3501246
NP_416887_1	NC_000913.3	2507893	2506646
NP_418335_4	NC_000913.3	4092365	4090914
NP_418384_1	NC_000913.3	4142529	4143608
NP_418385_1	NC_000913.3	4143623	4143943
NP_418336_1	NC_000913.3	4092822	4092376
NP_416672_1	NC_000913.3	2261409	2259718
NP_416674_1	NC_000913.3	2263494	2262364
NP_418741_1	NC_000913.3	4551295	4549952
NP_415748_1	NC_000913.3	1288623	1287781
NP_417281_1	NC_000913.3	2934234	2935550
NP_416128_1	NC_000913.3	1686587	1685184
NP_415154_1	NC_000913.3	655967	654582
NP_418186_1	NC_000913.3	3915199	3913829
NP_415522_1	NC_000913.3	1065584	1066825
NP_416543_1	NC_000913.3	2110138	2111019
NP_418236_1	NC_000913.3	3973607	3974488
NP_414696_1	NC_000913.3	174881	173601
NP_417028_1	NC_000913.3	2663441	2664244
NP_418479_1	NC_000913.3	4269413	4270126
NP_418465_4	NC_000913.3	4256465	4254042
NP_415827_1	NC_000913.3	1373221	1374102
NP_417909_1	NC_000913.3	3590910	3590023
NP_417910_1	NC_000913.3	3592324	3591008
NP_417908_1	NC_000913.3	3590026	3589181
NP_417907_2	NC_000913.3	3589179	3588109
NP_417146_2	NC_000913.3	2789981	2791249
NP_418065_1	NC_000913.3	3783660	3782641
NP_417884_1	NC_000913.3	3562012	3563517
NP_416744_1	NC_000913.3	2352646	2354274
NP_416745_1	NC_000913.3	2354264	2355523
NP_416746_1	NC_000913.3	2355520	2356710
NP_416796_2	NC_000913.3	2412088	2411438
NP_414778_1	NC_000913.3	261502	262755
NP_415204_1	NC_000913.3	703610	702810
NP_417605_1	NC_000913.3	3281975	3283129
YP_026242_1	NC_000913.3	3899392	3898670
NP_416366_1	NC_000913.3	1936313	1934838
NP_416653_1	NC_000913.3	2237752	2236742
NP_416654_1	NC_000913.3	2239288	2237768
NP_416655_1	NC_000913.3	2240347	2239349
NP_418648_1	NC_000913.3	4449961	4450917
YP_026286_1	NC_000913.3	4451057	4452559
NP_418651_3	NC_000913.3	4452570	4453595
NP_418652_2	NC_000913.3	4453582	4454577
NP_417597_1	NC_000913.3	3275281	3276852
NP_418778_4	NC_000913.3	4595989	4597011
YP_026237_1	NC_000913.3	3872997	3871849
NP_418776_1	NC_000913.3	4594721	4593360
NP_418146_4	NC_000913.3	3871729	3870437
NP_417596_1	NC_000913.3	3274906	3273572
NP_417269_1	NC_000913.3	2922099	2920747
NP_415278_1	NC_000913.3	789978	788830
NP_416549_1	NC_000913.3	2118403	2117123
NP_415277_1	NC_000913.3	788836	787796
NP_418113_1	NC_000913.3	3834536	3832218
NP_418543_1	NC_000913.3	4341910	4343265
NP_418085_2	NC_000913.3	3804136	3803057
NP_417418_1	NC_000913.3	3088283	3089677
NP_418724_1	NC_000913.3	4530242	4528929
YP_588476_1	NC_000913.3	4530532	4530254
NP_416596_1	NC_000913.3	2174565	2174281
NP_416597_1	NC_000913.3	2175048	2174596
NP_415752_1	NC_000913.3	1291456	1292364
NP_416546_1	NC_000913.3	2114326	2113433
NP_417564_2	NC_000913.3	3245223	3246521
NP_415366_1	NC_000913.3	887338	886130
NP_416995_1	NC_000913.3	2622233	2622871
NP_415933_1	NC_000913.3	1488231	1489670
NP_417264_1	NC_000913.3	2913650	2911416
NP_418107_1	NC_000913.3	3822399	3824507
NP_416555_2	NC_000913.3	2126221	2125742
NP_416962_1	NC_000913.3	2583477	2582902
NP_418185_1	NC_000913.3	3913667	3911838
NP_415814_4	NC_000913.3	1361119	1361883
NP_415817_1	NC_000913.3	1364231	1365511
NP_415813_4	NC_000913.3	1360907	1359489
NP_418318_1	NC_000913.3	4073570	4072674
NP_417890_1	NC_000913.3	3573501	3571315
NP_415828_1	NC_000913.3	1374089	1374931
NP_414666_1	NC_000913.3	141224	138834
NP_415358_1	NC_000913.3	878741	879856
NP_416866_1	NC_000913.3	2477846	2479183
NP_418716_1	NC_000913.3	4522019	4520670
YP_026217_1	NC_000913.3	3546558	3547874
YP_026221_1	NC_000913.3	3577060	3575720
NP_415257_1	NC_000913.3	764179	765048
NP_417886_1	NC_000913.3	3566580	3564133
YP_026218_1	NC_000913.3	3552472	3550079
NP_416138_1	NC_000913.3	1699354	1700946
NP_417595_1	NC_000913.3	3273556	3272786
NP_417267_1	NC_000913.3	2919384	2918044
NP_417268_1	NC_000913.3	2920745	2919405
NP_417887_1	NC_000913.3	3568032	3566599
NP_418088_1	NC_000913.3	3807066	3805942
NP_418084_1	NC_000913.3	3803057	3802038
NP_417041_1	NC_000913.3	2676824	2675826
NP_418083_1	NC_000913.3	3801998	3800982
NP_417889_1	NC_000913.3	3571318	3569345
NP_417888_1	NC_000913.3	3569327	3568032
NP_415330_1	NC_000913.3	846462	845740
NP_415331_1	NC_000913.3	847118	846459
NP_415332_1	NC_000913.3	848003	847257
NP_418306_1	NC_000913.3	4058033	4056624
NP_416097_1	NC_000913.3	1653914	1652895
NP_416594_1	NC_000913.3	2172872	2171832
NP_414777_1	NC_000913.3	260387	261490
NP_416009_1	NC_000913.3	1570488	1568953
NP_417173_1	NC_000913.3	2816438	2814882
NP_416010_1	NC_000913.3	1572044	1570644
NP_417974_1	NC_000913.3	3667579	3666179
NP_416275_1	NC_000913.3	1842370	1843713
NP_415018_1	NC_000913.3	511640	512572
NP_416041_1	NC_000913.3	1613250	1612324
NP_416815_1	NC_000913.3	2430237	2428720
NP_418402_2	NC_000913.3	4165427	4166284
NP_416189_1	NC_000913.3	1754476	1753850
NP_416963_1	NC_000913.3	2585524	2583545
NP_417680_1	NC_000913.3	3359197	3360615
NP_417679_2	NC_000913.3	3354724	3359184
NP_416243_1	NC_000913.3	1810933	1812324
NP_418110_1	NC_000913.3	3828664	3827459
NP_415728_1	NC_000913.3	1263713	1264969
NP_414686_3	NC_000913.3	160111	159185
NP_416899_1	NC_000913.3	2520671	2519256
NP_415040_1	NC_000913.3	533915	535696
NP_418123_2	NC_000913.3	3848623	3847304
NP_418362_1	NC_000913.3	4118089	4117244
NP_418074_1	NC_000913.3	3792550	3791354
NP_415031_1	NC_000913.3	527580	527948
NP_416743_1	NC_000913.3	2352373	2351015
NP_415132_1	NC_000913.3	633476	632388
NP_415047_1	NC_000913.3	541887	543032
NP_417593_4	NC_000913.3	3271769	3270624
NP_417379_1	NC_000913.3	3049040	3046167
NP_417380_1	NC_000913.3	3049548	3049159
NP_417381_1	NC_000913.3	3050666	3049572
NP_415551_2	NC_000913.3	1097885	1098823
NP_416202_1	NC_000913.3	1768684	1765628
YP_026183_1	NC_000913.3	2899417	2897963
NP_417453_1	NC_000913.3	3128020	3126521
YP_026191_1	NC_000913.3	3126521	3125469
YP_026190_1	NC_000913.3	3125458	3124235
NP_418361_1	NC_000913.3	4117221	4115713
NP_414748_1	NC_000913.3	234781	234026
NP_415447_1	NC_000913.3	983649	984296
NP_417524_1	NC_000913.3	3196752	3195319
NP_414742_1	NC_000913.3	222832	223407
NP_414646_1	NC_000913.3	113443	114486
NP_417002_1	NC_000913.3	2632534	2630957
NP_416533_1	NC_000913.3	2101267	2099861
NP_417894_2	NC_000913.3	3577591	3577064
NP_418689_1	NC_000913.3	4494622	4495185
NP_416742_1	NC_000913.3	2349935	2351011
NP_417906_1	NC_000913.3	3588112	3587369
NP_415370_1	NC_000913.3	890752	890495
NP_416171_1	NC_000913.3	1734100	1733753
NP_418067_1	NC_000913.3	3784441	3784190
NP_415010_1	NC_000913.3	500124	501428
NP_417462_1	NC_000913.3	3138521	3136662
NP_417510_1	NC_000913.3	3180420	3181580
NP_417957_1	NC_000913.3	3646298	3647650
NP_416225_1	NC_000913.3	1794108	1793557
NP_414983_1	NC_000913.3	470635	472416
NP_415352_1	NC_000913.3	870966	871886
NP_416685_1	NC_000913.3	2276299	2277888
NP_415350_2	NC_000913.3	867519	869390
NP_415351_1	NC_000913.3	869410	870948
NP_415353_1	NC_000913.3	871889	872800
NP_417904_1	NC_000913.3	3586822	3585080
NP_417422_1	NC_000913.3	3091877	3092827
NP_416658_1	NC_000913.3	2243651	2242983
NP_415793_1	NC_000913.3	1339159	1338569
YP_026252_1	NC_000913.3	3964228	3962744
NP_417359_1	NC_000913.3	3025765	3027084
NP_414667_4	NC_000913.3	141430	141966
NP_414773_1	NC_000913.3	255976	256434
NP_417563_1	NC_000913.3	3244740	3243328
NP_415396_1	NC_000913.3	916046	915351
NP_415269_1	NC_000913.3	779066	779587
NP_415477_1	NC_000913.3	1020052	1019012
NP_415835_1	NC_000913.3	1381946	1382851
NP_418311_1	NC_000913.3	4064294	4063602
NP_415913_1	NC_000913.3	1459053	1460480
NP_418464_1	NC_000913.3	4253015	4253887
NP_414887_2	NC_000913.3	375458	376669
NP_414577_2	NC_000913.3	35370	34780
NP_414668_1	NC_000913.3	142669	142007
NP_414873_1	NC_000913.3	358798	359457
NP_414795_1	NC_000913.3	276714	277646
NP_416565_1	NC_000913.3	2136097	2135654
NP_416740_1	NC_000913.3	2349471	2348821
NP_418087_1	NC_000913.3	3805949	3805152
NP_418082_1	NC_000913.3	3800964	3800266
NP_418078_1	NC_000913.3	3795978	3796937
NP_418077_1	NC_000913.3	3794928	3795974
NP_418089_1	NC_000913.3	3808097	3807063
NP_418080_1	NC_000913.3	3799311	3798238
NP_415202_1	NC_000913.3	701593	700373
NP_416111_1	NC_000913.3	1668563	1667343
NP_416889_1	NC_000913.3	2509425	2508460
NP_417045_4	NC_000913.3	2682862	2684055
NP_415698_1	NC_000913.3	1228078	1228737
NP_416598_1	NC_000913.3	2176320	2175058
NP_416812_1	NC_000913.3	2426787	2426005
NP_414654_1	NC_000913.3	121550	120177
NP_416524_1	NC_000913.3	2091096	2092400
NP_416526_4	NC_000913.3	2093467	2094534
NP_414883_5	NC_000913.3	371239	372105
YP_026260_1	NC_000913.3	3990765	3989824
NP_416913_1	NC_000913.3	2537236	2536385
NP_415334_1	NC_000913.3	850096	849209
NP_416312_1	NC_000913.3	1880758	1880120
YP_026265_1	NC_000913.3	4009058	4008438
NP_414886_1	NC_000913.3	373867	374880
NP_414684_1	NC_000913.3	157731	157252
NP_415041_1	NC_000913.3	535709	536485
NP_415830_2	NC_000913.3	1376033	1376821
NP_418437_1	NC_000913.3	4214279	4215208
NP_416525_1	NC_000913.3	2092397	2093467
NP_417351_1	NC_000913.3	3014238	3012613
NP_417356_1	NC_000913.3	3020539	3021318
NP_417342_1	NC_000913.3	3000344	3002602
NP_417343_1	NC_000913.3	3002613	3003491
NP_417344_1	NC_000913.3	3003489	3003968
NP_417468_1	NC_000913.3	3142988	3141285
NP_417471_1	NC_000913.3	3146260	3145142
NP_415491_1	NC_000913.3	1032138	1033256
NP_415492_1	NC_000913.3	1033253	1035046
NP_415493_1	NC_000913.3	1035065	1035772
NP_417199_1	NC_000913.3	2844209	2843442
NP_417200_1	NC_000913.3	2844751	2844209
NP_417201_1	NC_000913.3	2846470	2844761
NP_417202_1	NC_000913.3	2847411	2846488
NP_417203_1	NC_000913.3	2849240	2847414
NP_417204_1	NC_000913.3	2849848	2849237
NP_417469_1	NC_000913.3	3144163	3142985
NP_417470_1	NC_000913.3	3145139	3144153
NP_416982_1	NC_000913.3	2608486	2610153
NP_417210_2	NC_000913.3	2853253	2854263
NP_417362_4	NC_000913.3	3029011	3028523
NP_415201_1	NC_000913.3	700325	699573
NP_417024_1	NC_000913.3	2660288	2659902
NP_418251_1	NC_000913.3	3994058	3993738
NP_417023_1	NC_000913.3	2659885	2659562
NP_415654_1	NC_000913.3	1195122	1196372
NP_415125_1	NC_000913.3	624884	626059
NP_416768_4	NC_000913.3	2380642	2379347
NP_415127_1	NC_000913.3	627693	628550
NP_418439_1	NC_000913.3	4217108	4218412
NP_418688_1	NC_000913.3	4494405	4493374
NP_416529_1	NC_000913.3	2095843	2096619
NP_416527_1	NC_000913.3	2094534	2095124
NP_415778_3	NC_000913.3	1319787	1318426
NP_418482_1	NC_000913.3	4273870	4271048
NP_414935_1	NC_000913.3	419590	420909
YP_026247_1	NC_000913.3	3952483	3953412
NP_417003_1	NC_000913.3	2634069	2632603
NP_417970_1	NC_000913.3	3659231	3660388
NP_416580_1	NC_000913.3	2158385	2161462
NP_417731_1	NC_000913.3	3413863	3415020
NP_417732_1	NC_000913.3	3415032	3418136
NP_417630_1	NC_000913.3	3305816	3304572
NP_418135_1	NC_000913.3	3860115	3858400
NP_415831_1	NC_000913.3	1376831	1377886
NP_414587_1	NC_000913.3	45806	47137
NP_416802_1	NC_000913.3	2419175	2418633
NP_417365_1	NC_000913.3	3033064	3033612
NP_414615_4	NC_000913.3	81957	80866
NP_414614_1	NC_000913.3	80863	79463
NP_414613_1	NC_000913.3	79452	78847
NP_414616_1	NC_000913.3	83528	81957
NP_415224_1	NC_000913.3	724978	724406
NP_415225_1	NC_000913.3	727035	724987
NP_415226_1	NC_000913.3	728731	727058
YP_588443_1	NC_000913.3	728820	728731
NP_417476_1	NC_000913.3	3149661	3150545
NP_415438_1	NC_000913.3	970851	971597
NP_417665_1	NC_000913.3	3342272	3342838
NP_415733_1	NC_000913.3	1268164	1269018
NP_418038_1	NC_000913.3	3748576	3749238
NP_418617_1	NC_000913.3	4422185	4422835
NP_415766_1	NC_000913.3	1310268	1309015
YP_026244_1	NC_000913.3	3931315	3933183
YP_026273_1	NC_000913.3	4033144	4034595
NP_415807_1	NC_000913.3	1353627	1352635
NP_415881_1	NC_000913.3	1423781	1425238
NP_417748_1	NC_000913.3	3436517	3437893
NP_414589_1	NC_000913.3	47768	49630
NP_415011_1	NC_000913.3	503237	501561
NP_415363_1	NC_000913.3	883672	884904
NP_417809_1	NC_000913.3	3480606	3478801
NP_418757_1	NC_000913.3	4568518	4567286
NP_416760_1	NC_000913.3	2370907	2372559
NP_414878_1	NC_000913.3	366304	363230
NP_416636_1	NC_000913.3	2221988	2219691
YP_026199_1	NC_000913.3	3222632	3225724
NP_415842_2	NC_000913.3	1390597	1389869
NP_415237_1	NC_000913.3	742555	741074
NP_416151_1	NC_000913.3	1712768	1714270
NP_417953_1	NC_000913.3	3640861	3642330
NP_418554_1	NC_000913.3	4356410	4354953
NP_417279_2	NC_000913.3	2933012	2931864
NP_415826_1	NC_000913.3	1371908	1373200
NP_414877_1	NC_000913.3	361926	363179
NP_416675_1	NC_000913.3	2263862	2265043
YP_025293_1	NC_000913.3	77620	78798
NP_415898_1	NC_000913.3	1442842	1441853
NP_416637_1	NC_000913.3	2222184	2223899
NP_417915_1	NC_000913.3	3597559	3596450
NP_418478_1	NC_000913.3	4267113	4268306
NP_416168_1	NC_000913.3	1727836	1728243
NP_415155_1	NC_000913.3	656556	657116
NP_418803_1	NC_000913.3	4624116	4623100
NP_415163_2	NC_000913.3	662277	661636
NP_415161_1	NC_000913.3	660215	659250
NP_418062_1	NC_000913.3	3779826	3781016
NP_414840_1	NC_000913.3	321607	322326
NP_414841_1	NC_000913.3	322337	323764
NP_414842_4	NC_000913.3	323757	324452
NP_414724_1	NC_000913.3	203347	204495
YP_026266_1	NC_000913.3	4009169	4010191
NP_415027_1	NC_000913.3	519764	519138
NP_415928_1	NC_000913.3	1479137	1480894
NP_414728_1	NC_000913.3	209678	211819
NP_418555_1	NC_000913.3	4358616	4356469
NP_416661_1	NC_000913.3	2248531	2247062
YP_026276_1	NC_000913.3	4095981	4094722
NP_418343_1	NC_000913.3	4100524	4099490
NP_418057_1	NC_000913.3	3774423	3775571
NP_416314_1	NC_000913.3	1881911	1882996
NP_417450_1	NC_000913.3	3123804	3121633
NP_418438_1	NC_000913.3	4215477	4217078
NP_415291_1	NC_000913.3	801886	803319
NP_416553_1	NC_000913.3	2124519	2123083
NP_416130_3	NC_000913.3	1688575	1689750
NP_416060_1	NC_000913.3	1630912	1629452
NP_416677_1	NC_000913.3	2266244	2267710
NP_418743_1	NC_000913.3	4552900	4554360
NP_415259_1	NC_000913.3	765983	767959
NP_415260_1	NC_000913.3	767977	770610
NP_414868_1	NC_000913.3	351214	352665
NP_414865_1	NC_000913.3	348681	349571
NP_414867_1	NC_000913.3	350011	351180
NP_415610_1	NC_000913.3	1149727	1150656
NP_414626_1	NC_000913.3	91412	93178
NP_414691_1	NC_000913.3	164729	167263
NP_415168_1	NC_000913.3	668216	666315
NP_417855_4	NC_000913.3	3522870	3525422
NP_415165_1	NC_000913.3	663962	662751
NP_415360_1	NC_000913.3	880726	881928
NP_416514_4	NC_000913.3	2082546	2081380
NP_417649_1	NC_000913.3	3328962	3330395
NP_416638_4	NC_000913.3	2224869	2223937
NP_416831_1	NC_000913.3	2446383	2445559
NP_417241_1	NC_000913.3	2887218	2884552
NP_417703_1	NC_000913.3	3384267	3383329
NP_415996_2	NC_000913.3	1555668	1553971
NP_416958_1	NC_000913.3	2578376	2576097
NP_417010_1	NC_000913.3	2641803	2640685
NP_417226_1	NC_000913.3	2871779	2871300
NP_418544_2	NC_000913.3	4343368	4344789
NP_417227_1	NC_000913.3	2872489	2871779
NP_417920_1	NC_000913.3	3602746	3602078
NP_414739_1	NC_000913.3	220927	220112
NP_414740_1	NC_000913.3	221620	220967
NP_414741_1	NC_000913.3	222644	221613
NP_417417_1	NC_000913.3	3086705	3087859
NP_417835_1	NC_000913.3	3506019	3504934
NP_418273_1	NC_000913.3	4013052	4015313
NP_418443_1	NC_000913.3	4223827	4227510
NP_415025_4	NC_000913.3	518278	517424
NP_418228_2	NC_000913.3	3965760	3966089
NP_417077_1	NC_000913.3	2718734	2719153
NP_418007_3	NC_000913.3	3716393	3714060
NP_418640_1	NC_000913.3	4442175	4441537
NP_416292_1	NC_000913.3	1862428	1862015
NP_417965_1	NC_000913.3	3655901	3655254
NP_418663_1	NC_000913.3	4467624	4470320
NP_415483_2	NC_000913.3	1027014	1026556
NP_416590_1	NC_000913.3	2168711	2169610
NP_416011_1	NC_000913.3	1572407	1575202
NP_416280_1	NC_000913.3	1848836	1850692
NP_416370_2	NC_000913.3	1941634	1940312
NP_416989_1	NC_000913.3	2616093	2617556
NP_418070_6	NC_000913.3	3786837	3788096
NP_414937_2	NC_000913.3	422517	424331
NP_414747_1	NC_000913.3	233954	232596
NP_415711_2	NC_000913.3	1243179	1243790
NP_417053_2	NC_000913.3	2695800	2697356
NP_417181_1	NC_000913.3	2825575	2824490
NP_417293_1	NC_000913.3	2947177	2946080
NP_417438_2	NC_000913.3	3104432	3105511
NP_418809_4	NC_000913.3	4630732	4632669
NP_417394_4	NC_000913.3	3063992	3064777
NP_414794_4	NC_000913.3	275324	276727
NP_417392_1	NC_000913.3	3060849	3062993
NP_416950_1	NC_000913.3	2571750	2570347
NP_415281_1	NC_000913.3	793787	792315
NP_416482_1	NC_000913.3	2041374	2042024
NP_418056_1	NC_000913.3	3772280	3774193
NP_417408_1	NC_000913.3	3078858	3077470
NP_418742_1	NC_000913.3	4551635	4552819
NP_415305_1	NC_000913.3	819047	819292
NP_418090_1	NC_000913.3	3808539	3809816
NP_418081_1	NC_000913.3	3800195	3799344
NP_416269_4	NC_000913.3	1837211	1838746
NP_415285_1	NC_000913.3	795861	796550
NP_415284_1	NC_000913.3	795088	795861
NP_415286_1	NC_000913.3	796553	797611
NP_416917_1	NC_000913.3	2540813	2539716
NP_416919_1	NC_000913.3	2542511	2541678
NP_416920_1	NC_000913.3	2543527	2542511
NP_418352_1	NC_000913.3	4108833	4109822
YP_026168_2	NC_000913.3	2541678	2540803
NP_414676_1	NC_000913.3	149600	148806
NP_415832_1	NC_000913.3	1377883	1380150
NP_414550_1	NC_000913.3	9305	9892
NP_415303_1	NC_000913.3	818054	818566
NP_415587_1	NC_000913.3	1127838	1129373
NP_417014_1	NC_000913.3	2647324	2645012
NP_417675_1	NC_000913.3	3349808	3349080
NP_415306_1	NC_000913.3	819294	819746
NP_415347_1	NC_000913.3	865128	864379
NP_417292_1	NC_000913.3	2945841	2945035
NP_415528_1	NC_000913.3	1070954	1070364
NP_415062_1	NC_000913.3	557740	556874
NP_418376_1	NC_000913.3	4132615	4133505
NP_415825_4	NC_000913.3	1370215	1371894
NP_415394_4	NC_000913.3	913813	912161
NP_416906_1	NC_000913.3	2530175	2528160
YP_026280_1	NC_000913.3	4196902	4197675
NP_415524_1	NC_000913.3	1067707	1067111
NP_415627_1	NC_000913.3	1166084	1167388
NP_416779_2	NC_000913.3	2391504	2390047
NP_416780_1	NC_000913.3	2393040	2391511
NP_416781_1	NC_000913.3	2395045	2393204
NP_416782_1	NC_000913.3	2395344	2395042
NP_416783_1	NC_000913.3	2395895	2395341
NP_416784_1	NC_000913.3	2396449	2395907
NP_416785_1	NC_000913.3	2397441	2396464
NP_416786_4	NC_000913.3	2400164	2397438
NP_416787_1	NC_000913.3	2401554	2400217
NP_416788_1	NC_000913.3	2402051	2401551
NP_416789_2	NC_000913.3	2403844	2402054
NP_416790_1	NC_000913.3	2404612	2403950
NP_416791_3	NC_000913.3	2405071	2404628
NP_416149_1	NC_000913.3	1710827	1711522
NP_417105_1	NC_000913.3	2750830	2751708
NP_414588_1	NC_000913.3	47245	47775
NP_417500_1	NC_000913.3	3172529	3173110
NP_418475_1	NC_000913.3	4264230	4263247
NP_416254_1	NC_000913.3	1822457	1823284
NP_418397_2	NC_000913.3	4160789	4159389
NP_416119_1	NC_000913.3	1676359	1674971
NP_416120_1	NC_000913.3	1677902	1676370
NP_415451_1	NC_000913.3	990355	989153
NP_415709_2	NC_000913.3	1242070	1240334
NP_418489_1	NC_000913.3	4279979	4281628
NP_415704_1	NC_000913.3	1234716	1233175
NP_414560_1	NC_000913.3	17488	18654
NP_417013_1	NC_000913.3	2644863	2644432
NP_414985_1	NC_000913.3	472965	474251
NP_417190_1	NC_000913.3	2832475	2833914
NP_417191_1	NC_000913.3	2833911	2835044
NP_417933_1	NC_000913.3	3613666	3615240
NP_417934_1	NC_000913.3	3615240	3616184
NP_417935_1	NC_000913.3	3616181	3617014
NP_417936_1	NC_000913.3	3617014	3617778
NP_417937_1	NC_000913.3	3617775	3618581
NP_416306_2	NC_000913.3	1876908	1877255
NP_415256_1	NC_000913.3	763013	764179
NP_415172_1	NC_000913.3	670571	669930
NP_418807_4	NC_000913.3	4627314	4628546
NP_415272_1	NC_000913.3	783165	783884
NP_415417_1	NC_000913.3	945556	944930
NP_416282_4	NC_000913.3	1851886	1852527
NP_414651_1	NC_000913.3	118644	117751
NP_415741_1	NC_000913.3	1277956	1279347
YP_026212_2	NC_000913.3	3497002	3497808
NP_415742_1	NC_000913.3	1279863	1283606
NP_415743_1	NC_000913.3	1283603	1285141
NP_415744_1	NC_000913.3	1285138	1285848
NP_415745_1	NC_000913.3	1285848	1286525
NP_416706_1	NC_000913.3	2298258	2297656
NP_416707_4	NC_000913.3	2298717	2298268
NP_416708_1	NC_000913.3	2299577	2298714
NP_416709_1	NC_000913.3	2300259	2299564
NP_416710_1	NC_000913.3	2302752	2300266
NP_415984_1	NC_000913.3	1538852	1537308
NP_415983_1	NC_000913.3	1537308	1536613
NP_415985_1	NC_000913.3	1542589	1538849
NP_415982_1	NC_000913.3	1536616	1535936
NP_415012_1	NC_000913.3	504695	503475
NP_415986_1	NC_000913.3	1544059	1542671
NP_417047_1	NC_000913.3	2685834	2687024
NP_414888_4	NC_000913.3	376771	377310
NP_415013_1	NC_000913.3	504913	506565
NP_416794_1	NC_000913.3	2408861	2409460
NP_417224_1	NC_000913.3	2870273	2869512
NP_418257_1	NC_000913.3	3997182	3997898
NP_418791_1	NC_000913.3	4608645	4609322
NP_415183_1	NC_000913.3	683392	681722
NP_417021_1	NC_000913.3	2658934	2657084
NP_417645_1	NC_000913.3	3326934	3325000
NP_418585_4	NC_000913.3	4391508	4390456
NP_418811_2	NC_000913.3	4633744	4633232
NP_415500_1	NC_000913.3	1040616	1041914
NP_417261_1	NC_000913.3	2910684	2909893
NP_417429_1	NC_000913.3	3096680	3097273
NP_416273_1	NC_000913.3	1841489	1841896
NP_414702_1	NC_000913.3	179236	180753
NP_417824_1	NC_000913.3	3494010	3496553
NP_417825_1	NC_000913.3	3496551	3496877
NP_418494_1	NC_000913.3	4287763	4289199
NP_418496_1	NC_000913.3	4289807	4290478
NP_418497_1	NC_000913.3	4290475	4291431
NP_418495_2	NC_000913.3	4289244	4289810
NP_416531_4	NC_000913.3	2098300	2097320
NP_416539_1	NC_000913.3	2107225	2106059
NP_416537_1	NC_000913.3	2105083	2104493
NP_416541_1	NC_000913.3	2109583	2108336
NP_416538_1	NC_000913.3	2106056	2105064
NP_416536_1	NC_000913.3	2104508	2103390
NP_415345_2	NC_000913.3	863510	862611
NP_415422_1	NC_000913.3	951079	950339
NP_418796_1	NC_000913.3	4615542	4614679
YP_026205_1	NC_000913.3	3262417	3260123
NP_415344_1	NC_000913.3	862605	860173
NP_415423_1	NC_000913.3	953553	951271
NP_417074_1	NC_000913.3	2716448	2716065
NP_414807_1	NC_000913.3	290304	289300
NP_418675_1	NC_000913.3	4478310	4477306
YP_026185_1	NC_000913.3	3006261	3007451
NP_416848_1	NC_000913.3	2465006	2464251
NP_416209_1	NC_000913.3	1775586	1777181
NP_417654_1	NC_000913.3	3333709	3334680
NP_415427_1	NC_000913.3	957652	958740
NP_415797_1	NC_000913.3	1341920	1342657
NP_414884_2	NC_000913.3	372114	372923
NP_416814_1	NC_000913.3	2428625	2428056
NP_418285_1	NC_000913.3	4024987	4026480
NP_418279_1	NC_000913.3	4020225	4021865
NP_415220_1	NC_000913.3	720459	718261
NP_417440_4	NC_000913.3	3109154	3107019
NP_417544_5	NC_000913.3	3219493	3220872
NP_415854_4	NC_000913.3	1404564	1403254
NP_418099_1	NC_000913.3	3815767	3815126
NP_416874_1	NC_000913.3	2491949	2490255
NP_415905_1	NC_000913.3	1453641	1451596
NP_415912_1	NC_000913.3	1458263	1459051
NP_418003_1	NC_000913.3	3712006	3710798
NP_416767_1	NC_000913.3	2379258	2377588
NP_415156_1	NC_000913.3	657291	657500
NP_417147_1	NC_000913.3	2791272	2792720
NP_415534_1	NC_000913.3	1078881	1074919
NP_414920_1	NC_000913.3	405643	404834
NP_415907_1	NC_000913.3	1454867	1455154
NP_415908_1	NC_000913.3	1455163	1455909
NP_415909_4	NC_000913.3	1455924	1456421
NP_415910_1	NC_000913.3	1456429	1457499
NP_415906_1	NC_000913.3	1453926	1454855
NP_415916_1	NC_000913.3	1462124	1463437
NP_414675_1	NC_000913.3	148794	147943
NP_415794_1	NC_000913.3	1339329	1340093
NP_414629_1	NC_000913.3	96001	97083
NP_417242_1	NC_000913.3	2888311	2887577
NP_415354_1	NC_000913.3	872978	875326
NP_416006_4	NC_000913.3	1565732	1563333
NP_417504_1	NC_000913.3	3176832	3176005
NP_418485_1	NC_000913.3	4275470	4277056
NP_414656_1	NC_000913.3	123016	125679
NP_414657_1	NC_000913.3	125694	127586
NP_416155_1	NC_000913.3	1718006	1717350
NP_418588_1	NC_000913.3	4394065	4395612
NP_417059_1	NC_000913.3	2701728	2700997
NP_414594_1	NC_000913.3	53415	52426
NP_415287_1	NC_000913.3	798430	797612
NP_416823_1	NC_000913.3	2437850	2436714
NP_418002_2	NC_000913.3	3710474	3708783
NP_418538_2	NC_000913.3	4335589	4333946
NP_416237_3	NC_000913.3	1806369	1807298
NP_418351_1	NC_000913.3	4107551	4108513
NP_417601_1	NC_000913.3	3278913	3280193
NP_417606_1	NC_000913.3	3283142	3284002
NP_418386_1	NC_000913.3	4143994	4146291
NP_418387_3	NC_000913.3	4146257	4147135
NP_415896_1	NC_000913.3	1440783	1437259
NP_416641_1	NC_000913.3	2227269	2226508
NP_417643_1	NC_000913.3	3324069	3322732
NP_417388_1	NC_000913.3	3058409	3057177
NP_418449_1	NC_000913.3	4233757	4235406
NP_417401_1	NC_000913.3	3072621	3071458
NP_415288_1	NC_000913.3	798585	799580
NP_416241_1	NC_000913.3	1809379	1810047
NP_417844_1	NC_000913.3	3514388	3513630
NP_415276_1	NC_000913.3	787594	786842
NP_415289_4	NC_000913.3	800574	799621
NP_418069_1	NC_000913.3	3785259	3786803
NP_418812_1	NC_000913.3	4633796	4634443
NP_415214_1	NC_000913.3	713557	715197
NP_417175_1	NC_000913.3	2816937	2817503
NP_418171_1	NC_000913.3	3896773	3897438
NP_415833_1	NC_000913.3	1380147	1380806
NP_414952_1	NC_000913.3	436588	437106
NP_416422_1	NC_000913.3	1992816	1992268
NP_414940_1	NC_000913.3	426136	427263
NP_414941_1	NC_000913.3	427286	427618
NP_414942_1	NC_000913.3	427646	429493
NP_416703_1	NC_000913.3	2296319	2295582
NP_416704_1	NC_000913.3	2297023	2296361
NP_416705_2	NC_000913.3	2297643	2297020
NP_416701_1	NC_000913.3	2295379	2294900
NP_416702_1	NC_000913.3	2295585	2295376
NP_415990_5	NC_000913.3	1547168	1546287
NP_417930_2	NC_000913.3	3611732	3610515
NP_415956_1	NC_000913.3	1510002	1511408
NP_418181_1	NC_000913.3	3908365	3907592
NP_418182_1	NC_000913.3	3909438	3908548
NP_418183_1	NC_000913.3	3910397	3909438
NP_417461_1	NC_000913.3	3136370	3134871
NP_417950_1	NC_000913.3	3637641	3639140
NP_418444_1	NC_000913.3	4227730	4229361
NP_418265_1	NC_000913.3	4004861	4005730
NP_416552_1	NC_000913.3	2122978	2121608
NP_418440_1	NC_000913.3	4218595	4220331
NP_418405_1	NC_000913.3	4175025	4174075
NP_417724_4	NC_000913.3	3407606	3409057
NP_415530_1	NC_000913.3	1072158	1071772
NP_415392_1	NC_000913.3	911048	909330
NP_416997_1	NC_000913.3	2625114	2626655
NP_418647_1	NC_000913.3	4449651	4449121
NP_415535_1	NC_000913.3	1079304	1080812
NP_414903_4	NC_000913.3	389726	388752
NP_418391_1	NC_000913.3	4153097	4150446
NP_418096_4	NC_000913.3	3812730	3813950
NP_417862_1	NC_000913.3	3532817	3534439
NP_417395_1	NC_000913.3	3064801	3066279
NP_416996_1	NC_000913.3	2623043	2625109
NP_417839_1	NC_000913.3	3509812	3508586
NP_418800_1	NC_000913.3	4619602	4620825
NP_415730_1	NC_000913.3	1266093	1266926
NP_418292_1	NC_000913.3	4034607	4035152
NP_417033_1	NC_000913.3	2669031	2670392
NP_417035_1	NC_000913.3	2670907	2671227
NP_417037_1	NC_000913.3	2672046	2673248
NP_417034_1	NC_000913.3	2670389	2670907
NP_417031_1	NC_000913.3	2667845	2666706
NP_416217_1	NC_000913.3	1787111	1784733
NP_414917_2	NC_000913.3	401746	403161
NP_418433_1	NC_000913.3	4205930	4204641
NP_416994_1	NC_000913.3	2621196	2622233
NP_416530_1	NC_000913.3	2096613	2097224
NP_416971_1	NC_000913.3	2597617	2596904
NP_416983_1	NC_000913.3	2610163	2610708
NP_417622_2	NC_000913.3	3298974	3299492
YP_026170_1	NC_000913.3	2695542	2691655
NP_416528_2	NC_000913.3	2095124	2095861
NP_414936_1	NC_000913.3	420985	422358
NP_415725_1	NC_000913.3	1261874	1260927
NP_417814_1	NC_000913.3	3484489	3485358
NP_415428_1	NC_000913.3	958812	960095
NP_418584_1	NC_000913.3	4390359	4389391
NP_417858_4	NC_000913.3	3528668	3529336
NP_418805_1	NC_000913.3	4624894	4625862
NP_417080_4	NC_000913.3	2722726	2724081
NP_416800_1	NC_000913.3	2414746	2416890
NP_416953_1	NC_000913.3	2573504	2572488
NP_418091_1	NC_000913.3	3809824	3810303
NP_415375_1	NC_000913.3	893783	894895
NP_415376_4	NC_000913.3	894990	896123
NP_415377_1	NC_000913.3	896133	897086
NP_415378_1	NC_000913.3	897083	897928
NP_415641_1	NC_000913.3	1182828	1181782
NP_415642_1	NC_000913.3	1183619	1182825
NP_415643_3	NC_000913.3	1184443	1183616
NP_415644_1	NC_000913.3	1185593	1184457
NP_415957_1	NC_000913.3	1511653	1512798
NP_415958_1	NC_000913.3	1512816	1513829
NP_415959_1	NC_000913.3	1513830	1514771
NP_415960_1	NC_000913.3	1514762	1515556
NP_415219_1	NC_000913.3	718264	716945
NP_415812_4	NC_000913.3	1359186	1357801
NP_416518_2	NC_000913.3	2087061	2085703
NP_416902_1	NC_000913.3	2524877	2524044
NP_416153_1	NC_000913.3	1715888	1715025
YP_026267_1	NC_000913.3	4010199	4010999
NP_416191_1	NC_000913.3	1755697	1757109
NP_416368_1	NC_000913.3	1937648	1939090
NP_418275_1	NC_000913.3	4016430	4017191
NP_415527_4	NC_000913.3	1070353	1069859
NP_415532_3	NC_000913.3	1074010	1072862
NP_417501_1	NC_000913.3	3173141	3173455
NP_416207_1	NC_000913.3	1773788	1774654
NP_415271_1	NC_000913.3	782084	783127
NP_416179_1	NC_000913.3	1743241	1742600
NP_414949_1	NC_000913.3	434646	435116
NP_416671_1	NC_000913.3	2259295	2258354
NP_418208_1	NC_000913.3	3937293	3938222
NP_418319_2	NC_000913.3	4073738	4074634
NP_414605_1	NC_000913.3	70047	68347
NP_416028_3	NC_000913.3	1600208	1598616
NP_414603_1	NC_000913.3	66549	65854
NP_418040_1	NC_000913.3	3750085	3750780
NP_418619_1	NC_000913.3	4423699	4424385
NP_418086_1	NC_000913.3	3805115	3804180
NP_417172_1	NC_000913.3	2814732	2814217
NP_418204_2	NC_000913.3	3933350	3933769
NP_418205_1	NC_000913.3	3933777	3935282
NP_418206_1	NC_000913.3	3935287	3936252
NP_418207_1	NC_000913.3	3936277	3937167
NP_417546_1	NC_000913.3	3221465	3222448
NP_418340_1	NC_000913.3	4097447	4095978
NP_418338_1	NC_000913.3	4094271	4093447
NP_417160_1	NC_000913.3	2800964	2801374
NP_416737_1	NC_000913.3	2344864	2347149
NP_416738_1	NC_000913.3	2347383	2348513
NP_417162_1	NC_000913.3	2803501	2804460
NP_417161_1	NC_000913.3	2801347	2803491
NP_416144_1	NC_000913.3	1705766	1706347
NP_416145_1	NC_000913.3	1706347	1706925
NP_416146_1	NC_000913.3	1706918	1709140
NP_416147_1	NC_000913.3	1709141	1710199
NP_416148_1	NC_000913.3	1710203	1710823
NP_415009_1	NC_000913.3	499972	499013
NP_418659_1	NC_000913.3	4462659	4460521
NP_418658_1	NC_000913.3	4460363	4459899
NP_417845_1	NC_000913.3	3515058	3514381
NP_418721_1	NC_000913.3	4527536	4526904
NP_417389_1	NC_000913.3	3059324	3058665
NP_416194_1	NC_000913.3	1759289	1758873
NP_416196_1	NC_000913.3	1761790	1760519
NP_416197_1	NC_000913.3	1762511	1761765
NP_416195_1	NC_000913.3	1760522	1759302
NP_416198_2	NC_000913.3	1764008	1762521
NP_416199_1	NC_000913.3	1764385	1764017
NP_414757_1	NC_000913.3	243542	244120
NP_417618_1	NC_000913.3	3295808	3296398
NP_418513_4	NC_000913.3	4312990	4312100
NP_416259_1	NC_000913.3	1828258	1826915
NP_417798_1	NC_000913.3	3471328	3470144
NP_417231_1	NC_000913.3	2875418	2873991
NP_417232_1	NC_000913.3	2876328	2875420
NP_418792_1	NC_000913.3	4609413	4611002
NP_417785_1	NC_000913.3	3458338	3459819
NP_417787_1	NC_000913.3	3461022	3461459
NP_416804_1	NC_000913.3	2420484	2419840
NP_414618_4	NC_000913.3	84367	85311
NP_416288_1	NC_000913.3	1858832	1857789
NP_417185_1	NC_000913.3	2827736	2828515
NP_417184_1	NC_000913.3	2827361	2827732
YP_026180_1	NC_000913.3	2825831	2826394
YP_026181_1	NC_000913.3	2826391	2827350
NP_416967_1	NC_000913.3	2591606	2592733
NP_417348_1	NC_000913.3	3008763	3009974
NP_415118_1	NC_000913.3	614156	618037
NP_418064_1	NC_000913.3	3782561	3781740
NP_416867_1	NC_000913.3	2479201	2480529
NP_416328_1	NC_000913.3	1896931	1898295
NP_417277_1	NC_000913.3	2929575	2930942
NP_418220_1	NC_000913.3	3955330	3956874
YP_026204_1	NC_000913.3	3259648	3258284
NP_417276_1	NC_000913.3	2928228	2929517
NP_417322_1	NC_000913.3	2985846	2987075
NP_417560_1	NC_000913.3	3239943	3241187
NP_414889_1	NC_000913.3	378367	377534
NP_416659_1	NC_000913.3	2243909	2244745
NP_416258_1	NC_000913.3	1826922	1825954
NP_416260_1	NC_000913.3	1829733	1828255
NP_416766_1	NC_000913.3	2377591	2376833
NP_417827_1	NC_000913.3	3497827	3499200
NP_417740_1	NC_000913.3	3430837	3430019
NP_414922_1	NC_000913.3	406404	406928
YP_026215_2	NC_000913.3	3519063	3518542
NP_418374_1	NC_000913.3	4128671	4129831
NP_417980_1	NC_000913.3	3674785	3676107
NP_416488_1	NC_000913.3	2053642	2054958
YP_009518786_1	NC_000913.3	1632284	1631001
NP_416451_1	NC_000913.3	2016553	2017926
NP_415724_2	NC_000913.3	1260802	1259123
NP_416795_1	NC_000913.3	2411351	2409519
NP_415571_1	NC_000913.3	1115489	1114263
NP_416116_1	NC_000913.3	1673148	1672819
NP_416117_1	NC_000913.3	1673500	1673135
NP_414663_1	NC_000913.3	136463	135597
NP_416042_2	NC_000913.3	1614702	1613314
NP_416763_1	NC_000913.3	2375002	2373647
NP_416764_1	NC_000913.3	2375961	2374999
NP_418036_1	NC_000913.3	3746093	3747079
NP_415249_1	NC_000913.3	755176	755565
NP_415250_1	NC_000913.3	755559	755906
NP_415251_1	NC_000913.3	755906	757672
NP_415252_1	NC_000913.3	757688	758404
NP_414854_1	NC_000913.3	336777	338324
NP_416511_4	NC_000913.3	2079360	2079031
NP_416908_1	NC_000913.3	2531462	2532223
NP_418198_1	NC_000913.3	3926454	3926011
YP_025302_1	NC_000913.3	1610679	1609228
NP_414549_1	NC_000913.3	8237	9190
NP_416959_1	NC_000913.3	2578665	2579615
NP_417533_1	NC_000913.3	3206462	3207373
NP_417534_1	NC_000913.3	3207370	3207975
NP_417535_1	NC_000913.3	3208023	3209486
NP_414902_1	NC_000913.3	387794	388645
YP_026256_2	NC_000913.3	3974466	3975140
NP_418238_1	NC_000913.3	3975146	3976276
NP_416542_1	NC_000913.3	2110137	2109580
NP_416544_1	NC_000913.3	2111975	2111076
NP_416520_1	NC_000913.3	2089127	2088303
NP_416545_1	NC_000913.3	2113060	2111975
YP_026255_1	NC_000913.3	3972521	3973588
NP_415435_1	NC_000913.3	968365	969351
NP_414708_1	NC_000913.3	185946	185122
NP_415138_1	NC_000913.3	638944	639507
NP_416975_1	NC_000913.3	2600477	2600947
NP_414608_1	NC_000913.3	72926	72228
NP_414609_1	NC_000913.3	74520	72910
NP_414610_1	NC_000913.3	75479	74496
NP_418073_1	NC_000913.3	3791344	3790319
NP_417587_1	NC_000913.3	3266027	3265038
NP_414862_1	NC_000913.3	346336	345665
YP_026264_1	NC_000913.3	4007756	4008376
NP_414958_4	NC_000913.3	443640	443050
NP_414957_1	NC_000913.3	441548	442996
NP_418418_2	NC_000913.3	4192634	4191864
NP_418417_1	NC_000913.3	4191867	4190734
NP_418420_4	NC_000913.3	4193575	4192820
YP_026279_1	NC_000913.3	4192836	4192636
NP_417156_1	NC_000913.3	2799163	2799612
NP_417157_1	NC_000913.3	2799993	2799649
NP_417158_4	NC_000913.3	2800145	2800474
NP_417159_1	NC_000913.3	2800722	2800967
NP_417573_1	NC_000913.3	3251023	3252009
NP_416960_1	NC_000913.3	2579635	2581638
YP_026188_1	NC_000913.3	3081634	3079643
NP_415516_1	NC_000913.3	1058083	1059255
NP_415517_1	NC_000913.3	1059255	1061801
NP_417304_1	NC_000913.3	2965154	2964360
NP_417552_1	NC_000913.3	3231664	3233682
NP_415624_1	NC_000913.3	1163259	1164083
NP_414951_1	NC_000913.3	435633	436610
NP_418421_1	NC_000913.3	4194203	4193568
NP_418354_1	NC_000913.3	4111506	4110739
NP_415139_2	NC_000913.3	639752	641317
NP_415408_1	NC_000913.3	932049	931084
NP_418660_1	NC_000913.3	4464708	4463053
NP_416410_1	NC_000913.3	1981611	1980187
NP_416411_1	NC_000913.3	1982386	1981586
NP_417976_1	NC_000913.3	3669591	3671240
NP_415715_1	NC_000913.3	1247375	1245678
NP_418661_1	NC_000913.3	4466179	4464758
YP_009518825_1	NC_000913.3	3863602	3862496
NP_415777_1	NC_000913.3	1318414	1317221
NP_415776_1	NC_000913.3	1317221	1316415
NP_418165_1	NC_000913.3	3890235	3891482
YP_009518815_1	NC_000913.3	3130214	3129042
NP_415042_1	NC_000913.3	536585	537463
NP_417216_1	NC_000913.3	2861429	2862337
NP_417594_3	NC_000913.3	3272750	3271866
NP_416420_1	NC_000913.3	1989680	1990891
NP_414721_1	NC_000913.3	200970	201995
NP_414627_1	NC_000913.3	93165	94652
YP_026254_1	NC_000913.3	3971259	3972521
YP_026253_1	NC_000913.3	3970132	3971262
NP_414723_1	NC_000913.3	202559	203347
NP_417656_1	NC_000913.3	3336493	3335234
NP_414632_1	NC_000913.3	99643	100710
NP_414630_1	NC_000913.3	97086	98402
NP_414633_1	NC_000913.3	100764	102239
NP_418403_1	NC_000913.3	4172056	4173084
NP_415362_1	NC_000913.3	883387	882791
NP_417529_1	NC_000913.3	3204130	3203309
NP_414716_1	NC_000913.3	194902	195663
NP_415280_3	NC_000913.3	792054	791038
NP_416807_1	NC_000913.3	2421707	2422600
NP_416540_1	NC_000913.3	2108328	2107225
NP_416532_1	NC_000913.3	2099612	2098446
NP_416758_1	NC_000913.3	2368038	2370020
NP_416756_6	NC_000913.3	2365909	2367066
NP_415279_1	NC_000913.3	791028	789982
NP_415038_1	NC_000913.3	532450	532932
NP_414628_1	NC_000913.3	94649	96007
NP_414638_1	NC_000913.3	106556	107473
NP_416761_4	NC_000913.3	2372891	2373277
YP_588462_1	NC_000913.3	2372556	2372891
NP_418654_1	NC_000913.3	4455784	4457157
NP_414713_1	NC_000913.3	191854	192579
NP_416759_1	NC_000913.3	2370017	2370907
NP_416757_1	NC_000913.3	2367070	2368038
NP_416852_1	NC_000913.3	2468213	2469133
NP_418247_1	NC_000913.3	3989065	3987884
NP_418248_1	NC_000913.3	3989827	3989087
NP_418425_1	NC_000913.3	4197715	4198779
NP_416993_2	NC_000913.3	2620871	2620245
NP_415531_2	NC_000913.3	1072862	1072170
NP_415526_4	NC_000913.3	1069838	1068510
NP_416992_1	NC_000913.3	2620159	2618870
NP_417364_2	NC_000913.3	3031366	3032814
NP_416479_1	NC_000913.3	2038955	2039368
NP_415057_1	NC_000913.3	553939	553217
NP_417167_1	NC_000913.3	2809616	2810353
NP_417168_1	NC_000913.3	2810343	2810678
NP_416317_1	NC_000913.3	1885844	1886809
NP_415283_1	NC_000913.3	794772	794921
YP_026231_1	NC_000913.3	3739704	3740957
NP_418618_1	NC_000913.3	4422845	4423699
NP_417358_2	NC_000913.3	3024350	3025750
NP_415467_1	NC_000913.3	1007599	1006490
NP_416033_1	NC_000913.3	1605051	1606073
NP_418023_1	NC_000913.3	3731130	3732122
NP_418024_1	NC_000913.3	3732200	3733741
NP_418025_1	NC_000913.3	3733719	3734900
NP_418022_1	NC_000913.3	3730764	3729442
NP_417256_1	NC_000913.3	2901895	2903373
NP_418037_1	NC_000913.3	3747083	3748579
NP_418455_1	NC_000913.3	4242253	4240778
NP_418313_4	NC_000913.3	4067193	4065808
YP_026232_1	NC_000913.3	3744803	3746080
NP_418034_1	NC_000913.3	3744327	3744800
NP_415469_1	NC_000913.3	1009963	1011870
NP_415341_1	NC_000913.3	855962	857554
NP_417811_1	NC_000913.3	3481288	3483201
NP_416372_1	NC_000913.3	1942661	1943416
NP_416373_1	NC_000913.3	1943413	1944198
NP_416371_4	NC_000913.3	1942582	1941650
