NP_249943_1	NC_002516.2	1359589	1360593
NP_251227_1	NC_002516.2	2865107	2865736
NP_251957_1	NC_002516.2	3655810	3653936
NP_250951_1	NC_002516.2	2489724	2490674
NP_250952_1	NC_002516.2	2490737	2492044
NP_252816_1	NC_002516.2	4615345	4616148
NP_251315_1	NC_002516.2	2969472	2969942
NP_248926_1	NC_002516.2	266309	264963
NP_248967_1	NC_002516.2	310895	311410
NP_249556_1	NC_002516.2	945833	946906
NP_250776_1	NC_002516.2	2295532	2296434
NP_251743_1	NC_002516.2	3417112	3418119
NP_249421_1	NC_002516.2	798826	797924
NP_250301_1	NC_002516.2	1753417	1752902
NP_252335_1	NC_002516.2	4083397	4082957
NP_252446_1	NC_002516.2	4207407	4208150
NP_252815_1	NC_002516.2	4614023	4615327
NP_253836_1	NC_002516.2	5797364	5798446
NP_252781_1	NC_002516.2	4575331	4575843
NP_252780_1	NC_002516.2	4573740	4575302
NP_249732_1	NC_002516.2	1126968	1127600
NP_251590_1	NC_002516.2	3255406	3254597
NP_250161_1	NC_002516.2	1598220	1598957
NP_251657_1	NC_002516.2	3326121	3325378
NP_252077_1	NC_002516.2	3792289	3793059
NP_252778_1	NC_002516.2	4572310	4573071
NP_252787_1	NC_002516.2	4580582	4581307
NP_253079_1	NC_002516.2	4919041	4919799
NP_254211_1	NC_002516.2	6217312	6218094
NP_250064_1	NC_002516.2	1491082	1489814
NP_250300_1	NC_002516.2	1752890	1751673
NP_251655_1	NC_002516.2	3324817	3323573
NP_252023_1	NC_002516.2	3742693	3743685
NP_253861_1	NC_002516.2	5826134	5828038
NP_248919_1	NC_002516.2	257107	258312
NP_250691_1	NC_002516.2	2187064	2188245
NP_252279_1	NC_002516.2	4023176	4021971
NP_248920_1	NC_002516.2	258462	259760
NP_252066_1	NC_002516.2	3784413	3783598
NP_250500_1	NC_002516.2	1965763	1964681
NP_250499_1	NC_002516.2	1964676	1963657
NP_252296_1	NC_002516.2	4040819	4040103
NP_248923_1	NC_002516.2	261980	262381
NP_252817_1	NC_002516.2	4616161	4616967
NP_248938_1	NC_002516.2	280757	279573
NP_250621_1	NC_002516.2	2111690	2112202
NP_249502_1	NC_002516.2	889561	888314
NP_250904_1	NC_002516.2	2433747	2435069
NP_252424_1	NC_002516.2	4188189	4186780
NP_253885_1	NC_002516.2	5850239	5851162
NP_253147_1	NC_002516.2	4989304	4990284
NP_251656_1	NC_002516.2	3325182	3324946
NP_249718_1	NC_002516.2	1113128	1114717
NP_248957_1	NC_002516.2	301217	302497
NP_252194_1	NC_002516.2	3921257	3919773
NP_253586_1	NC_002516.2	5497289	5495820
NP_248819_1	NC_002516.2	147391	145964
NP_249838_1	NC_002516.2	1240323	1238833
NP_249707_1	NC_002516.2	1099668	1100819
NP_250427_1	NC_002516.2	1878979	1880184
NP_251630_1	NC_002516.2	3297117	3295978
NP_252144_1	NC_002516.2	3860521	3859337
NP_253473_1	NC_002516.2	5373867	5372590
NP_250692_1	NC_002516.2	2188458	2189882
NP_249185_1	NC_002516.2	553004	554380
NP_249184_1	NC_002516.2	552745	552993
NP_252970_1	NC_002516.2	4788414	4787476
NP_253534_1	NC_002516.2	5442303	5442773
NP_251802_1	NC_002516.2	3493572	3492700
NP_252329_1	NC_002516.2	4075006	4074056
NP_253535_1	NC_002516.2	5442791	5444140
NP_250687_1	NC_002516.2	2184406	2182451
NP_249028_1	NC_002516.2	378597	380876
NP_252450_1	NC_002516.2	4212847	4214559
NP_253156_1	NC_002516.2	4996118	4996390
NP_254010_1	NC_002516.2	5993790	5994695
NP_250633_1	NC_002516.2	2127492	2126395
NP_253092_1	NC_002516.2	4933718	4932501
NP_253891_1	NC_002516.2	5859455	5858157
NP_250725_1	NC_002516.2	2226143	2224485
NP_252196_1	NC_002516.2	3923765	3922083
NP_252869_1	NC_002516.2	4677924	4676281
NP_253383_1	NC_002516.2	5274004	5273513
NP_253384_1	NC_002516.2	5275731	5274007
NP_249527_1	NC_002516.2	912778	911594
NP_250634_1	NC_002516.2	2127683	2129170
NP_253588_1	NC_002516.2	5500325	5498739
NP_249437_1	NC_002516.2	814491	813328
NP_250322_1	NC_002516.2	1774602	1775756
NP_251287_1	NC_002516.2	2940796	2939645
NP_253666_1	NC_002516.2	5592611	5591451
NP_249198_1	NC_002516.2	566931	568727
NP_249570_1	NC_002516.2	961369	962529
NP_249711_1	NC_002516.2	1105887	1106999
NP_249713_1	NC_002516.2	1107762	1108907
NP_250226_1	NC_002516.2	1673203	1674351
NP_251242_1	NC_002516.2	2885332	2884205
NP_251505_1	NC_002516.2	3168105	3170552
NP_249690_1	NC_002516.2	1081941	1082954
NP_250560_1	NC_002516.2	2031465	2031704
NP_251976_1	NC_002516.2	3679385	3678333
NP_253476_1	NC_002516.2	5376851	5377708
NP_253893_1	NC_002516.2	5861620	5860466
NP_254077_1	NC_002516.2	6069098	6067944
NP_249446_1	NC_002516.2	824197	822914
NP_250253_1	NC_002516.2	1703051	1700319
NP_250478_1	NC_002516.2	1937643	1935034
NP_249221_1	NC_002516.2	588923	590104
NP_249586_1	NC_002516.2	977909	979129
NP_251659_1	NC_002516.2	3328168	3327188
NP_252443_1	NC_002516.2	4205906	4205295
NP_249578_1	NC_002516.2	969669	971624
NP_253421_1	NC_002516.2	5315533	5317470
NP_252258_1	NC_002516.2	4001093	3999207
NP_249874_1	NC_002516.2	1284512	1285822
NP_251924_1	NC_002516.2	3623159	3621504
NP_252837_1	NC_002516.2	4641710	4642510
NP_250545_1	NC_002516.2	2014822	2013665
NP_252463_1	NC_002516.2	4232257	4233399
NP_252839_1	NC_002516.2	4643570	4644544
NP_252840_1	NC_002516.2	4644577	4645596
NP_251547_1	NC_002516.2	3209288	3209971
NP_251678_1	NC_002516.2	3347038	3345788
NP_248838_1	NC_002516.2	168212	169162
NP_251653_1	NC_002516.2	3322752	3321703
NP_251654_1	NC_002516.2	3323573	3322758
NP_249043_1	NC_002516.2	395826	394441
NP_250210_1	NC_002516.2	1651897	1650548
NP_253407_1	NC_002516.2	5297896	5299191
NP_252376_1	NC_002516.2	4127594	4126947
NP_249345_1	NC_002516.2	707685	708479
NP_253461_1	NC_002516.2	5361585	5362067
NP_251192_1	NC_002516.2	2820488	2818989
NP_251907_1	NC_002516.2	3605683	3607074
NP_253959_1	NC_002516.2	5936369	5939221
NP_253786_1	NC_002516.2	5742965	5741523
NP_248855_1	NC_002516.2	189119	189955
NP_249681_1	NC_002516.2	1071876	1071238
NP_252444_1	NC_002516.2	4206047	4206601
NP_253603_1	NC_002516.2	5517093	5516398
NP_253658_1	NC_002516.2	5580718	5580101
NP_253863_1	NC_002516.2	5829469	5828903
NP_250234_1	NC_002516.2	1680984	1680436
NP_250084_1	NC_002516.2	1515926	1515336
NP_250817_1	NC_002516.2	2341639	2340413
NP_252171_1	NC_002516.2	3895192	3894098
NP_251319_1	NC_002516.2	2972698	2974068
NP_252207_1	NC_002516.2	3934749	3933316
NP_253625_1	NC_002516.2	5543364	5542072
NP_253212_1	NC_002516.2	5065339	5064773
NP_253634_1	NC_002516.2	5553107	5551680
NP_254225_1	NC_002516.2	6231561	6230368
NP_251695_1	NC_002516.2	3366753	3365755
NP_253083_1	NC_002516.2	4922406	4924190
NP_252027_1	NC_002516.2	3747075	3746077
NP_248911_1	NC_002516.2	248766	250199
NP_250769_1	NC_002516.2	2288928	2287522
NP_253492_1	NC_002516.2	5390098	5388701
NP_064725_1	NC_002516.2	7790	7017
NP_253041_1	NC_002516.2	4879544	4880320
NP_249353_1	NC_002516.2	714976	716010
NP_249123_1	NC_002516.2	484114	482705
NP_249815_1	NC_002516.2	1216670	1218166
NP_253712_1	NC_002516.2	5655647	5656924
NP_250794_1	NC_002516.2	2315708	2316625
NP_253541_1	NC_002516.2	5449045	5450652
NP_254112_1	NC_002516.2	6106240	6105158
NP_254113_1	NC_002516.2	6106762	6106271
NP_250276_1	NC_002516.2	1724243	1727074
NP_250277_1	NC_002516.2	1727117	1728346
NP_252841_1	NC_002516.2	4645593	4646705
NP_250278_1	NC_002516.2	1728415	1729851
NP_254217_1	NC_002516.2	6223173	6224480
NP_252527_1	NC_002516.2	4299203	4299997
NP_252924_1	NC_002516.2	4748755	4751592
NP_253546_2	NC_002516.2	5457863	5459452
NP_253186_1	NC_002516.2	5031487	5033100
NP_253195_1	NC_002516.2	5044053	5045027
NP_253196_1	NC_002516.2	5045027	5045998
NP_253193_1	NC_002516.2	5042067	5043077
NP_253194_1	NC_002516.2	5043089	5044000
NP_252890_1	NC_002516.2	4701945	4700905
NP_253100_1	NC_002516.2	4943635	4942676
NP_253617_1	NC_002516.2	5534092	5533016
NP_253989_1	NC_002516.2	5971758	5970685
NP_250942_1	NC_002516.2	2479298	2480743
NP_251223_1	NC_002516.2	2861757	2860408
NP_252331_1	NC_002516.2	4080222	4078807
NP_249593_1	NC_002516.2	985691	986695
NP_250790_1	NC_002516.2	2312765	2311332
NP_251518_1	NC_002516.2	3181136	3182347
NP_253403_1	NC_002516.2	5294999	5293764
NP_253410_1	NC_002516.2	5302192	5301020
NP_250681_1	NC_002516.2	2176973	2178136
NP_252319_1	NC_002516.2	4064986	4063874
NP_253873_1	NC_002516.2	5839077	5837914
NP_249818_1	NC_002516.2	1220609	1219620
NP_250430_1	NC_002516.2	1883660	1884631
NP_254114_1	NC_002516.2	6107110	6108138
NP_250809_1	NC_002516.2	2332058	2330958
NP_250878_1	NC_002516.2	2408846	2407680
NP_250965_1	NC_002516.2	2505435	2504374
NP_248910_1	NC_002516.2	247218	248708
NP_250674_1	NC_002516.2	2169987	2171507
NP_250907_1	NC_002516.2	2437427	2439010
NP_251013_1	NC_002516.2	2562446	2564071
NP_252711_1	NC_002516.2	4502270	4503790
NP_252762_1	NC_002516.2	4552629	4551142
NP_252878_1	NC_002516.2	4685993	4687483
NP_250206_1	NC_002516.2	1648098	1647100
NP_250208_1	NC_002516.2	1649554	1648628
NP_249167_1	NC_002516.2	537868	536141
NP_249495_1	NC_002516.2	881957	882778
NP_252856_1	NC_002516.2	4663510	4662692
NP_250853_1	NC_002516.2	2386601	2384547
NP_252056_1	NC_002516.2	3777998	3776958
NP_253750_1	NC_002516.2	5702668	5703438
NP_254146_1	NC_002516.2	6150314	6151150
NP_250463_1	NC_002516.2	1917598	1918086
NP_253660_1	NC_002516.2	5583644	5581761
NP_252659_1	NC_002516.2	4450391	4448892
NP_251773_1	NC_002516.2	3460380	3463037
NP_252503_1	NC_002516.2	4272134	4270920
NP_252520_1	NC_002516.2	4288942	4290429
NP_249357_1	NC_002516.2	718725	717634
NP_249341_1	NC_002516.2	704083	705132
NP_249693_1	NC_002516.2	1085541	1086143
NP_251299_1	NC_002516.2	2949966	2950949
NP_252903_1	NC_002516.2	4716659	4718542
NP_249692_1	NC_002516.2	1083971	1085563
NP_249300_1	NC_002516.2	670979	672457
NP_249340_1	NC_002516.2	703476	704081
NP_249281_1	NC_002516.2	650157	649306
NP_251985_1	NC_002516.2	3689315	3688878
NP_252288_1	NC_002516.2	4034664	4033849
NP_249272_1	NC_002516.2	640988	640419
NP_249645_1	NC_002516.2	1040431	1040706
NP_252159_1	NC_002516.2	3882440	3882982
NP_252745_1	NC_002516.2	4538041	4536920
NP_250447_1	NC_002516.2	1896494	1895691
NP_252310_1	NC_002516.2	4054524	4057091
NP_252876_1	NC_002516.2	4683696	4685024
NP_252802_1	NC_002516.2	4601419	4600229
NP_253761_1	NC_002516.2	5712210	5711476
NP_248763_1	NC_002516.2	87002	86283
NP_249951_1	NC_002516.2	1369159	1368338
NP_251613_1	NC_002516.2	3278637	3279422
NP_251614_1	NC_002516.2	3279478	3280167
NP_251615_1	NC_002516.2	3280164	3280877
NP_251616_1	NC_002516.2	3280898	3281665
NP_252074_1	NC_002516.2	3790985	3790149
NP_249947_1	NC_002516.2	1365220	1364498
NP_253762_1	NC_002516.2	5713165	5712203
NP_252547_1	NC_002516.2	4317961	4316936
NP_252881_1	NC_002516.2	4690644	4689901
NP_252882_1	NC_002516.2	4691345	4690641
NP_249579_1	NC_002516.2	972165	972944
NP_249580_1	NC_002516.2	973063	973752
NP_249581_1	NC_002516.2	973769	974467
NP_249583_1	NC_002516.2	975612	976376
NP_250510_1	NC_002516.2	1977099	1978454
NP_250509_1	NC_002516.2	1974820	1977075
NP_253526_1	NC_002516.2	5433290	5431380
NP_249886_1	NC_002516.2	1297097	1296333
NP_253858_1	NC_002516.2	5822379	5823635
NP_249885_1	NC_002516.2	1296228	1294810
NP_253857_1	NC_002516.2	5820909	5822357
NP_253950_1	NC_002516.2	5924595	5925989
NP_252215_1	NC_002516.2	3945878	3944661
NP_252761_1	NC_002516.2	4550974	4549484
NP_253668_1	NC_002516.2	5595094	5593682
NP_253055_1	NC_002516.2	4892747	4893349
NP_250176_1	NC_002516.2	1610744	1612111
NP_249649_1	NC_002516.2	1045313	1043982
NP_253663_1	NC_002516.2	5587550	5586369
NP_251806_1	NC_002516.2	3499383	3498373
NP_251807_1	NC_002516.2	3500597	3499485
NP_250943_1	NC_002516.2	2480843	2481829
NP_249905_1	NC_002516.2	1315915	1314317
NP_250774_1	NC_002516.2	2293152	2294984
NP_252149_1	NC_002516.2	3865896	3867665
NP_250968_1	NC_002516.2	2506977	2508260
NP_253419_1	NC_002516.2	5313205	5313585
NP_250892_1	NC_002516.2	2422019	2421342
NP_250893_1	NC_002516.2	2422737	2422021
NP_253769_1	NC_002516.2	5721848	5720949
NP_250030_1	NC_002516.2	1454203	1453469
NP_250031_1	NC_002516.2	1454868	1454200
NP_250032_1	NC_002516.2	1455611	1454865
NP_250033_1	NC_002516.2	1456722	1455814
NP_249093_1	NC_002516.2	445690	444686
NP_249595_1	NC_002516.2	989589	990827
NP_249452_1	NC_002516.2	830891	829275
NP_254116_1	NC_002516.2	6109259	6110683
NP_248809_1	NC_002516.2	138817	140166
NP_254166_1	NC_002516.2	6171509	6170175
NP_249561_1	NC_002516.2	952160	950961
NP_250001_1	NC_002516.2	1420325	1421440
NP_252487_1	NC_002516.2	4257387	4256239
NP_249641_1	NC_002516.2	1037524	1037171
NP_250969_1	NC_002516.2	2508292	2508762
NP_249587_1	NC_002516.2	979328	980344
NP_249588_1	NC_002516.2	980356	981378
NP_250021_1	NC_002516.2	1442068	1442847
NP_253594_1	NC_002516.2	5506608	5505847
NP_253139_1	NC_002516.2	4984186	4983551
NP_254241_1	NC_002516.2	6249653	6248277
NP_254248_1	NC_002516.2	6254807	6254427
NP_254240_1	NC_002516.2	6248235	6247810
NP_254242_1	NC_002516.2	6250544	6249684
NP_254243_1	NC_002516.2	6252139	6250595
NP_254244_1	NC_002516.2	6252694	6252158
NP_254245_1	NC_002516.2	6253176	6252706
NP_254246_1	NC_002516.2	6253491	6253234
NP_254247_1	NC_002516.2	6254410	6253541
NP_249687_1	NC_002516.2	1078461	1080014
NP_250477_1	NC_002516.2	1934856	1933648
NP_251017_1	NC_002516.2	2569692	2568928
NP_251019_1	NC_002516.2	2571690	2570854
NP_250815_1	NC_002516.2	2337867	2339315
NP_254060_1	NC_002516.2	6050656	6049184
NP_251718_1	NC_002516.2	3393484	3392267
NP_251720_1	NC_002516.2	3394087	3394683
NP_253867_1	NC_002516.2	5831901	5832740
NP_253862_1	NC_002516.2	5828906	5828085
NP_252786_1	NC_002516.2	4579509	4580567
NP_252842_1	NC_002516.2	4646719	4647810
NP_249191_1	NC_002516.2	559643	560701
NP_250690_1	NC_002516.2	2186259	2186915
NP_248874_1	NC_002516.2	210459	209620
NP_251289_1	NC_002516.2	2942837	2941893
NP_252138_1	NC_002516.2	3854236	3853412
NP_251286_1	NC_002516.2	2939538	2938552
NP_252626_1	NC_002516.2	4415730	4414939
NP_252133_1	NC_002516.2	3849582	3848794
NP_253285_1	NC_002516.2	5148570	5146906
NP_252625_1	NC_002516.2	4414949	4414131
NP_252627_1	NC_002516.2	4416808	4415795
NP_248875_1	NC_002516.2	212072	210456
NP_250984_1	NC_002516.2	2525051	2524197
NP_251018_1	NC_002516.2	2570888	2569689
NP_250986_1	NC_002516.2	2527276	2525870
NP_251202_1	NC_002516.2	2829439	2830833
NP_251203_1	NC_002516.2	2830830	2831321
NP_251206_1	NC_002516.2	2834167	2833154
NP_251207_1	NC_002516.2	2834689	2834201
NP_251208_1	NC_002516.2	2836053	2834686
NP_251205_1	NC_002516.2	2833129	2832368
NP_253587_1	NC_002516.2	5498652	5497312
NP_250903_1	NC_002516.2	2432311	2433561
NP_249715_1	NC_002516.2	1109881	1110867
NP_252197_1	NC_002516.2	3924555	3923758
NP_250497_1	NC_002516.2	1962023	1961226
NP_251818_1	NC_002516.2	3510143	3510889
NP_250120_1	NC_002516.2	1555011	1557719
NP_251197_1	NC_002516.2	2825590	2824658
NP_253860_1	NC_002516.2	5824786	5825718
NP_251783_1	NC_002516.2	3473017	3474135
NP_253444_1	NC_002516.2	5343084	5339863
NP_253446_1	NC_002516.2	5344902	5343766
NP_251125_1	NC_002516.2	2732502	2730517
NP_249088_1	NC_002516.2	439836	438937
NP_249988_1	NC_002516.2	1408930	1407950
NP_252652_1	NC_002516.2	4442957	4443853
NP_253064_1	NC_002516.2	4903465	4904595
NP_251210_1	NC_002516.2	2840488	2837333
NP_251211_1	NC_002516.2	2841965	2840511
NP_251212_1	NC_002516.2	2843304	2842018
NP_253157_1	NC_002516.2	4997419	4996487
NP_248976_1	NC_002516.2	320593	318311
NP_249266_1	NC_002516.2	634263	630526
NP_250418_1	NC_002516.2	1870762	1868705
NP_251262_1	NC_002516.2	2907655	2908998
NP_252797_1	NC_002516.2	4591186	4592430
NP_253469_1	NC_002516.2	5370367	5369186
NP_254129_1	NC_002516.2	6128056	6130911
NP_254198_1	NC_002516.2	6204446	6203103
NP_253358_1	NC_002516.2	5237392	5238240
NP_250501_1	NC_002516.2	1967617	1965770
NP_253918_1	NC_002516.2	5889831	5887081
NP_252577_1	NC_002516.2	4354543	4355265
NP_252578_1	NC_002516.2	4355265	4356200
NP_252580_1	NC_002516.2	4356875	4358038
NP_252579_1	NC_002516.2	4356200	4356862
NP_253978_1	NC_002516.2	5955179	5957164
NP_254062_1	NC_002516.2	6051643	6053193
NP_252789_1	NC_002516.2	4582851	4584530
NP_254059_1	NC_002516.2	6049048	6047363
NP_248719_1	NC_002516.2	32054	30501
NP_248720_1	NC_002516.2	32982	32059
NP_249623_1	NC_002516.2	1020707	1021606
NP_248721_1	NC_002516.2	34510	32999
NP_251856_1	NC_002516.2	3555253	3554156
NP_253871_1	NC_002516.2	5836909	5837466
NP_250372_1	NC_002516.2	1830878	1831969
NP_254044_1	NC_002516.2	6024741	6025277
NP_249574_1	NC_002516.2	965584	966411
NP_253033_1	NC_002516.2	4873231	4871912
NP_254155_1	NC_002516.2	6156853	6158157
NP_252516_1	NC_002516.2	4285483	4284416
NP_253150_1	NC_002516.2	4991391	4991918
NP_253151_1	NC_002516.2	4991918	4992643
NP_252517_1	NC_002516.2	4286594	4285476
NP_250845_1	NC_002516.2	2375806	2374601
NP_253029_1	NC_002516.2	4868845	4867766
NP_253997_1	NC_002516.2	5979193	5980782
NP_254081_1	NC_002516.2	6073383	6071911
NP_252812_1	NC_002516.2	4611012	4612472
NP_252814_1	NC_002516.2	4613538	4613930
NP_249116_1	NC_002516.2	472023	473174
NP_253661_1	NC_002516.2	5584100	5585548
NP_250708_1	NC_002516.2	2211305	2208168
NP_249117_1	NC_002516.2	473190	476330
NP_253955_1	NC_002516.2	5934667	5933687
NP_250196_1	NC_002516.2	1634727	1635722
NP_250679_1	NC_002516.2	2173911	2175056
NP_252607_1	NC_002516.2	4387086	4386604
NP_248714_1	NC_002516.2	25735	26652
NP_249077_1	NC_002516.2	428739	427585
NP_250237_1	NC_002516.2	1683948	1682566
NP_251111_1	NC_002516.2	2704377	2705297
NP_253782_1	NC_002516.2	5737320	5736469
NP_253781_1	NC_002516.2	5736472	5735642
NP_253783_1	NC_002516.2	5738313	5737345
NP_253790_1	NC_002516.2	5747870	5746848
NP_252398_1	NC_002516.2	4154229	4152610
NP_254057_1	NC_002516.2	6046625	6045309
NP_250184_1	NC_002516.2	1621342	1620344
NP_253146_1	NC_002516.2	4988890	4988081
NP_252979_1	NC_002516.2	4811395	4812600
NP_250271_1	NC_002516.2	1720394	1719108
NP_249128_1	NC_002516.2	490657	489386
NP_252456_1	NC_002516.2	4224115	4223567
NP_249129_1	NC_002516.2	491897	490647
NP_248866_1	NC_002516.2	201638	199599
NP_249436_1	NC_002516.2	813262	812444
NP_250320_1	NC_002516.2	1773439	1772654
NP_251457_1	NC_002516.2	3126251	3127219
NP_253667_1	NC_002516.2	5593423	5592632
NP_253875_1	NC_002516.2	5842131	5840896
NP_250958_1	NC_002516.2	2498098	2499168
NP_252327_1	NC_002516.2	4072487	4070859
NP_250755_1	NC_002516.2	2264976	2263078
NP_252457_1	NC_002516.2	4225497	4224106
NP_251097_1	NC_002516.2	2690159	2691112
NP_251098_1	NC_002516.2	2691109	2691864
NP_252609_1	NC_002516.2	4389230	4391608
NP_250742_1	NC_002516.2	2246455	2245985
NP_251190_1	NC_002516.2	2817448	2818674
NP_250243_1	NC_002516.2	1690512	1689556
NP_250247_1	NC_002516.2	1694840	1694232
NP_250248_1	NC_002516.2	1696278	1694851
NP_248795_1	NC_002516.2	127377	128501
NP_248796_1	NC_002516.2	128511	130103
NP_248797_1	NC_002516.2	130114	130668
NP_248798_1	NC_002516.2	130679	131566
NP_250244_1	NC_002516.2	1691311	1690700
NP_250245_1	NC_002516.2	1692753	1691326
YP_003933610_1	NC_002516.2	1690694	1690509
NP_253119_1	NC_002516.2	4963054	4962272
NP_253120_1	NC_002516.2	4964265	4963054
NP_253121_1	NC_002516.2	4964858	4964265
NP_249090_1	NC_002516.2	440637	442010
NP_250567_1	NC_002516.2	2045113	2047284
NP_249004_1	NC_002516.2	353618	352926
NP_249005_1	NC_002516.2	354460	353690
YP_008719763_1	NC_002516.2	3468949	3468050
NP_251648_1	NC_002516.2	3317523	3318656
NP_249752_1	NC_002516.2	1148843	1149940
NP_251399_1	NC_002516.2	3062938	3063912
NP_249091_1	NC_002516.2	442007	443191
NP_250996_1	NC_002516.2	2545658	2545041
NP_253467_1	NC_002516.2	5368079	5367186
NP_249212_1	NC_002516.2	581132	581659
NP_253277_1	NC_002516.2	5136316	5137356
NP_252618_1	NC_002516.2	4404897	4403890
NP_252619_1	NC_002516.2	4406367	4404901
NP_250008_1	NC_002516.2	1428079	1429074
NP_250009_1	NC_002516.2	1429081	1431057
NP_250010_1	NC_002516.2	1431061	1431690
NP_250011_1	NC_002516.2	1431690	1432025
NP_251853_1	NC_002516.2	3550745	3550056
NP_249958_1	NC_002516.2	1377441	1376326
NP_253771_1	NC_002516.2	5723516	5722266
NP_253991_1	NC_002516.2	5973475	5972177
NP_249275_1	NC_002516.2	643163	641931
NP_252293_1	NC_002516.2	4038315	4037944
NP_253238_1	NC_002516.2	5097461	5096367
NP_253964_1	NC_002516.2	5941486	5942733
NP_253965_1	NC_002516.2	5942744	5943574
NP_249193_1	NC_002516.2	562005	562727
NP_252521_1	NC_002516.2	4290427	4290855
NP_252253_1	NC_002516.2	3994738	3995727
NP_251226_1	NC_002516.2	2865104	2864169
NP_252341_1	NC_002516.2	4090905	4090090
NP_252743_1	NC_002516.2	4535806	4534709
NP_252170_1	NC_002516.2	3893997	3893431
NP_249979_1	NC_002516.2	1400504	1399230
NP_253279_1	NC_002516.2	5140440	5139049
NP_250441_1	NC_002516.2	1891814	1890738
NP_250592_1	NC_002516.2	2071720	2072937
NP_251533_1	NC_002516.2	3197641	3198987
NP_251633_1	NC_002516.2	3299491	3300585
NP_253575_1	NC_002516.2	5485099	5483987
NP_254023_1	NC_002516.2	6005198	6005809
NP_249790_1	NC_002516.2	1190384	1191805
NP_251560_1	NC_002516.2	3222149	3223726
NP_251867_1	NC_002516.2	3567605	3568528
NP_252033_1	NC_002516.2	3754931	3753762
NP_252391_1	NC_002516.2	4144830	4143787
NP_252725_1	NC_002516.2	4516569	4518869
NP_253099_1	NC_002516.2	4942672	4941809
NP_253616_1	NC_002516.2	5530972	5533014
NP_249044_1	NC_002516.2	397894	396056
NP_249562_1	NC_002516.2	952513	952157
NP_252014_1	NC_002516.2	3726451	3728229
NP_252918_1	NC_002516.2	4742423	4744066
NP_253447_1	NC_002516.2	5345891	5345085
NP_248914_1	NC_002516.2	253793	252912
NP_249701_1	NC_002516.2	1093250	1094128
NP_249041_1	NC_002516.2	393307	393813
NP_252127_1	NC_002516.2	3845052	3845756
NP_251801_1	NC_002516.2	3492703	3491414
NP_252708_1	NC_002516.2	4498478	4497849
NP_251740_1	NC_002516.2	3415728	3414700
NP_249092_1	NC_002516.2	444689	443418
NP_252217_1	NC_002516.2	3947094	3948140
NP_254228_1	NC_002516.2	6233117	6234454
NP_252704_1	NC_002516.2	4494480	4494935
NP_251992_1	NC_002516.2	3700315	3700785
NP_252813_1	NC_002516.2	4612604	4613527
NP_253438_1	NC_002516.2	5335771	5334920
NP_253725_1	NC_002516.2	5675133	5674027
NP_248936_1	NC_002516.2	277776	277330
NP_253533_1	NC_002516.2	5441836	5442279
NP_248933_1	NC_002516.2	273774	275678
NP_250749_1	NC_002516.2	2255628	2256701
NP_250750_1	NC_002516.2	2256703	2257719
NP_250376_1	NC_002516.2	1834392	1835141
NP_253458_1	NC_002516.2	5355386	5357074
NP_249856_1	NC_002516.2	1264918	1264190
NP_252142_1	NC_002516.2	3856748	3858319
NP_252732_1	NC_002516.2	4525550	4526437
NP_251852_1	NC_002516.2	3549788	3548109
NP_249027_1	NC_002516.2	378095	378574
NP_250240_1	NC_002516.2	1687375	1684940
NP_251459_1	NC_002516.2	3128269	3127859
NP_251986_1	NC_002516.2	3689520	3690950
NP_252034_1	NC_002516.2	3757158	3755020
NP_252380_1	NC_002516.2	4131535	4133757
NP_253090_1	NC_002516.2	4931694	4930747
NP_253219_1	NC_002516.2	5073563	5074174
NP_253744_1	NC_002516.2	5697197	5698054
NP_250443_1	NC_002516.2	1892509	1893456
NP_253087_1	NC_002516.2	4927035	4927946
NP_251356_1	NC_002516.2	3015581	3015937
NP_251652_1	NC_002516.2	3321674	3321042
NP_249130_1	NC_002516.2	493356	492079
NP_254008_1	NC_002516.2	5990675	5991130
NP_252340_1	NC_002516.2	4090093	4088903
NP_252733_1	NC_002516.2	4526546	4528429
NP_249242_1	NC_002516.2	610213	611274
NP_251704_1	NC_002516.2	3376606	3374459
NP_251821_1	NC_002516.2	3513040	3512393
NP_251871_1	NC_002516.2	3571602	3570940
NP_251884_1	NC_002516.2	3587302	3585476
NP_251932_1	NC_002516.2	3630604	3629666
NP_252325_1	NC_002516.2	4069965	4068676
NP_252713_1	NC_002516.2	4505507	4506901
NP_252714_1	NC_002516.2	4506912	4507733
NP_250016_1	NC_002516.2	1436662	1437069
NP_250182_1	NC_002516.2	1618611	1619846
NP_252712_1	NC_002516.2	4504000	4505448
NP_252132_1	NC_002516.2	3848797	3847973
NP_252135_1	NC_002516.2	3851800	3850829
NP_248982_1	NC_002516.2	327283	328665
NP_253043_1	NC_002516.2	4881899	4881327
NP_252631_1	NC_002516.2	4420169	4419300
NP_251383_1	NC_002516.2	3047115	3047615
NP_249906_1	NC_002516.2	1317201	1315915
NP_251245_1	NC_002516.2	2889023	2887356
NP_251247_1	NC_002516.2	2892049	2890355
NP_251989_1	NC_002516.2	3697198	3695510
NP_251990_1	NC_002516.2	3699121	3697433
NP_252613_1	NC_002516.2	4399940	4398258
NP_252549_1	NC_002516.2	4320819	4318921
NP_250308_1	NC_002516.2	1760712	1762379
NP_254086_1	NC_002516.2	6078043	6080004
NP_253021_1	NC_002516.2	4859329	4860255
NP_253923_1	NC_002516.2	5895260	5894292
NP_252125_1	NC_002516.2	3844104	3843652
NP_250428_1	NC_002516.2	1880198	1882342
NP_252201_1	NC_002516.2	3927551	3926790
NP_250887_1	NC_002516.2	2416375	2417412
NP_249246_1	NC_002516.2	613337	614401
NP_253797_1	NC_002516.2	5753473	5752463
NP_253344_1	NC_002516.2	5223561	5222539
NP_252224_1	NC_002516.2	3954607	3952499
NP_253868_1	NC_002516.2	5832748	5835069
NP_253497_1	NC_002516.2	5396858	5395929
NP_253498_1	NC_002516.2	5397617	5396991
NP_253499_1	NC_002516.2	5398618	5397689
YP_003933614_1	NC_002516.2	5401707	5398627
NP_251171_1	NC_002516.2	2800784	2799909
NP_251046_1	NC_002516.2	2604704	2603559
NP_252134_1	NC_002516.2	3850751	3849603
NP_251288_1	NC_002516.2	2941883	2940801
NP_253048_1	NC_002516.2	4887260	4884960
NP_251918_1	NC_002516.2	3614929	3616761
NP_252913_1	NC_002516.2	4730325	4728613
NP_252228_1	NC_002516.2	3959954	3961036
NP_253376_1	NC_002516.2	5257695	5258702
NP_253377_1	NC_002516.2	5258723	5260261
NP_250960_1	NC_002516.2	2500484	2501074
NP_253362_1	NC_002516.2	5240746	5241846
NP_251604_1	NC_002516.2	3269794	3270825
NP_253903_1	NC_002516.2	5874518	5872899
NP_253904_1	NC_002516.2	5875584	5874586
NP_251602_1	NC_002516.2	3268056	3268829
NP_249660_1	NC_002516.2	1053847	1054542
NP_249661_1	NC_002516.2	1054565	1055005
NP_249962_1	NC_002516.2	1381803	1383653
NP_252590_1	NC_002516.2	4368836	4371190
NP_254218_1	NC_002516.2	6225924	6224896
NP_252847_1	NC_002516.2	4654305	4653508
NP_252848_1	NC_002516.2	4654431	4655336
NP_252849_1	NC_002516.2	4655367	4656389
NP_252850_1	NC_002516.2	4656386	4657417
NP_248889_1	NC_002516.2	228222	228941
NP_250612_1	NC_002516.2	2097490	2099451
NP_253204_1	NC_002516.2	5055876	5053615
NP_253935_1	NC_002516.2	5910297	5908396
NP_251378_1	NC_002516.2	3040241	3042481
NP_251865_1	NC_002516.2	3565188	3566123
NP_251047_1	NC_002516.2	2605274	2604714
NP_249450_1	NC_002516.2	828343	827399
NP_253262_1	NC_002516.2	5121251	5120634
NP_253305_1	NC_002516.2	5173546	5172770
NP_253877_1	NC_002516.2	5843799	5843197
NP_253251_1	NC_002516.2	5110743	5109805
NP_249895_1	NC_002516.2	1303891	1304448
NP_254085_1	NC_002516.2	6075879	6077939
NP_252136_1	NC_002516.2	3852512	3851919
NP_253915_1	NC_002516.2	5884507	5885118
NP_252852_1	NC_002516.2	4658449	4660158
NP_252422_1	NC_002516.2	4183709	4184938
NP_253793_1	NC_002516.2	5749452	5750813
NP_250988_1	NC_002516.2	2529466	2527742
NP_252251_1	NC_002516.2	3991540	3990596
NP_253154_1	NC_002516.2	4994762	4995226
NP_252250_1	NC_002516.2	3990594	3988837
NP_252252_1	NC_002516.2	3994410	3991540
NP_253004_1	NC_002516.2	4843551	4842700
NP_254107_1	NC_002516.2	6100819	6101676
NP_249545_1	NC_002516.2	934111	932717
NP_253023_1	NC_002516.2	4861652	4863175
NP_253160_1	NC_002516.2	4999915	4998539
NP_250698_1	NC_002516.2	2197426	2196128
NP_249288_1	NC_002516.2	657666	658340
NP_254239_1	NC_002516.2	6247689	6246325
NP_251368_1	NC_002516.2	3025507	3024704
NP_253850_1	NC_002516.2	5812240	5813121
NP_252666_1	NC_002516.2	4457361	4458644
NP_252777_1	NC_002516.2	4570928	4572313
NP_254210_1	NC_002516.2	6217154	6215802
NP_252507_1	NC_002516.2	4274501	4275316
NP_252363_1	NC_002516.2	4112284	4114788
NP_251029_1	NC_002516.2	2583482	2584414
NP_251031_1	NC_002516.2	2585298	2586410
NP_252274_1	NC_002516.2	4016440	4017978
NP_253678_1	NC_002516.2	5606495	5607670
NP_250180_1	NC_002516.2	1617084	1615894
NP_251715_1	NC_002516.2	3389429	3387849
NP_250305_1	NC_002516.2	1758747	1759769
NP_252696_1	NC_002516.2	4488111	4486846
NP_251873_1	NC_002516.2	3573792	3572323
NP_254126_1	NC_002516.2	6122138	6123604
NP_253420_1	NC_002516.2	5313675	5315339
NP_250955_1	NC_002516.2	2493936	2495711
NP_250956_1	NC_002516.2	2495723	2497042
NP_250900_1	NC_002516.2	2428851	2430176
NP_250713_1	NC_002516.2	2215101	2215940
NP_248932_1	NC_002516.2	273228	271903
NP_252785_1	NC_002516.2	4578253	4579512
NP_253343_1	NC_002516.2	5222259	5220886
NP_251691_1	NC_002516.2	3360653	3359268
NP_251885_1	NC_002516.2	3587432	3588436
NP_249635_1	NC_002516.2	1032762	1032094
NP_252440_1	NC_002516.2	4204504	4203323
NP_253999_1	NC_002516.2	5983589	5982096
NP_249122_1	NC_002516.2	482664	482110
NP_252448_1	NC_002516.2	4209255	4210277
NP_254236_1	NC_002516.2	6244945	6243110
NP_248988_1	NC_002516.2	334733	335485
NP_251466_1	NC_002516.2	3133709	3134992
NP_248987_1	NC_002516.2	334454	333078
NP_253292_1	NC_002516.2	5160737	5161990
NP_254102_1	NC_002516.2	6094023	6095276
NP_250843_1	NC_002516.2	2371409	2373607
NP_251030_1	NC_002516.2	2584425	2585258
NP_251877_1	NC_002516.2	3578479	3577319
NP_251878_1	NC_002516.2	3579357	3578512
NP_251879_1	NC_002516.2	3580282	3579350
NP_251880_1	NC_002516.2	3581645	3580383
NP_249803_1	NC_002516.2	1203632	1204780
NP_250980_1	NC_002516.2	2521103	2518692
NP_251012_1	NC_002516.2	2560761	2562113
NP_250834_1	NC_002516.2	2358363	2360801
NP_250855_1	NC_002516.2	2389886	2388345
NP_253691_1	NC_002516.2	5623055	5621919
NP_251876_1	NC_002516.2	3577275	3575911
NP_250850_1	NC_002516.2	2381459	2379309
NP_250894_1	NC_002516.2	2423624	2422818
NP_253763_1	NC_002516.2	5714031	5713231
NP_252883_1	NC_002516.2	4692040	4691342
NP_253806_1	NC_002516.2	5766483	5767892
NP_252046_1	NC_002516.2	3767857	3766616
NP_254195_1	NC_002516.2	6199566	6200897
NP_253255_1	NC_002516.2	5114598	5113480
NP_253890_1	NC_002516.2	5856531	5858114
NP_251758_1	NC_002516.2	3441439	3436577
NP_253278_1	NC_002516.2	5138753	5137416
NP_250028_1	NC_002516.2	1451632	1450544
NP_250329_1	NC_002516.2	1784107	1785015
NP_251798_1	NC_002516.2	3489913	3488408
NP_253351_1	NC_002516.2	5230910	5230113
NP_252292_1	NC_002516.2	4036264	4037874
NP_249131_1	NC_002516.2	494720	493353
NP_253722_1	NC_002516.2	5667666	5666233
NP_253723_1	NC_002516.2	5672140	5667695
NP_251866_1	NC_002516.2	3566162	3567376
NP_249138_1	NC_002516.2	503899	502718
NP_253191_1	NC_002516.2	5038900	5040354
NP_253355_1	NC_002516.2	5234852	5233584
NP_251824_1	NC_002516.2	3516899	3515415
NP_253412_1	NC_002516.2	5302899	5303780
NP_250798_1	NC_002516.2	2318794	2320566
NP_250193_1	NC_002516.2	1632676	1630901
NP_250260_1	NC_002516.2	1711190	1709820
NP_252271_1	NC_002516.2	4012805	4013644
NP_251926_1	NC_002516.2	3624542	3623685
NP_254063_1	NC_002516.2	6054589	6053411
NP_254064_1	NC_002516.2	6055432	6054593
NP_254065_1	NC_002516.2	6056412	6055474
NP_249835_1	NC_002516.2	1236149	1234815
NP_253922_1	NC_002516.2	5892909	5894255
NP_249743_1	NC_002516.2	1139713	1140858
NP_250190_1	NC_002516.2	1628761	1627496
NP_253484_1	NC_002516.2	5381990	5382457
NP_251132_1	NC_002516.2	2740882	2739761
NP_251135_1	NC_002516.2	2746678	2743799
NP_251136_1	NC_002516.2	2747072	2746689
NP_253900_1	NC_002516.2	5871056	5868180
NP_253901_1	NC_002516.2	5871619	5871230
NP_253902_1	NC_002516.2	5872748	5871666
NP_249987_1	NC_002516.2	1407006	1407938
NP_251716_1	NC_002516.2	3391030	3389435
NP_254040_1	NC_002516.2	6021113	6019887
NP_254041_1	NC_002516.2	6022202	6021123
NP_254042_1	NC_002516.2	6023701	6022202
NP_252269_1	NC_002516.2	4012006	4010522
NP_252272_1	NC_002516.2	4013684	4015201
NP_250504_1	NC_002516.2	1972092	1971316
NP_251605_1	NC_002516.2	3271692	3270826
NP_249401_1	NC_002516.2	782569	782964
NP_249804_1	NC_002516.2	1205770	1207536
NP_252362_1	NC_002516.2	4112000	4111077
NP_253683_1	NC_002516.2	5613691	5612267
NP_249222_1	NC_002516.2	590104	590820
NP_250433_1	NC_002516.2	1886277	1886999
NP_252458_1	NC_002516.2	4227236	4225659
NP_251011_1	NC_002516.2	2560143	2560664
NP_248833_2	NC_002516.2	163362	164414
NP_251042_1	NC_002516.2	2598699	2599826
NP_251680_1	NC_002516.2	3348072	3348794
NP_253480_1	NC_002516.2	5380447	5379512
NP_249038_1	NC_002516.2	390883	389732
NP_252223_1	NC_002516.2	3952386	3952060
NP_253816_1	NC_002516.2	5777387	5777133
NP_250715_1	NC_002516.2	2216687	2218042
NP_249529_1	NC_002516.2	913776	914258
NP_249978_1	NC_002516.2	1398617	1399171
NP_251516_1	NC_002516.2	3180441	3179956
NP_249551_1	NC_002516.2	938031	939821
NP_250498_1	NC_002516.2	1963655	1962045
NP_250029_1	NC_002516.2	1453391	1451718
NP_249098_1	NC_002516.2	449383	448430
NP_250365_1	NC_002516.2	1826039	1825494
NP_252128_1	NC_002516.2	3845774	3846334
NP_252736_1	NC_002516.2	4530611	4529994
NP_253928_1	NC_002516.2	5900878	5902398
NP_249625_1	NC_002516.2	1023052	1025295
NP_250212_1	NC_002516.2	1654409	1653105
NP_251138_1	NC_002516.2	2748377	2750119
NP_251189_1	NC_002516.2	2816996	2817451
NP_253334_1	NC_002516.2	5212663	5212106
NP_248856_1	NC_002516.2	190197	191603
NP_250112_1	NC_002516.2	1547229	1546270
NP_248792_1	NC_002516.2	123870	124598
NP_248793_1	NC_002516.2	124809	126380
NP_252723_1	NC_002516.2	4514694	4515383
NP_249810_1	NC_002516.2	1213222	1212716
NP_254073_1	NC_002516.2	6064847	6063882
NP_251244_1	NC_002516.2	2887336	2886569
NP_252280_1	NC_002516.2	4024731	4023199
NP_254045_1	NC_002516.2	6025304	6026194
NP_250598_1	NC_002516.2	2080473	2079262
NP_250743_1	NC_002516.2	2247157	2246495
NP_253365_1	NC_002516.2	5246122	5245475
NP_254227_1	NC_002516.2	6232554	6233114
NP_251668_1	NC_002516.2	3337691	3337227
NP_248803_1	NC_002516.2	134318	135232
NP_250012_1	NC_002516.2	1432036	1432926
NP_253698_1	NC_002516.2	5630852	5629785
NP_253699_1	NC_002516.2	5631886	5630849
NP_251883_1	NC_002516.2	3585373	3584378
NP_251034_1	NC_002516.2	2589454	2590386
NP_250699_1	NC_002516.2	2198729	2197431
YP_008719768_1	NC_002516.2	4007323	4007126
NP_252810_1	NC_002516.2	4609566	4610225
NP_252811_1	NC_002516.2	4610236	4611015
NP_249434_1	NC_002516.2	811170	810274
NP_252002_1	NC_002516.2	3715804	3714914
NP_253780_1	NC_002516.2	5735645	5734113
NP_253785_1	NC_002516.2	5741426	5739897
NP_253138_1	NC_002516.2	4983425	4982103
NP_248852_1	NC_002516.2	184593	185927
NP_064726_1	NC_002516.2	8338	7802
NP_250325_1	NC_002516.2	1777750	1779822
NP_253947_1	NC_002516.2	5922434	5921493
NP_250701_1	NC_002516.2	2200663	2199761
NP_249537_1	NC_002516.2	924921	924181
NP_252664_1	NC_002516.2	4455886	4456683
NP_252665_1	NC_002516.2	4456694	4457323
NP_253767_1	NC_002516.2	5720286	5719315
NP_250051_1	NC_002516.2	1471670	1472563
NP_253936_1	NC_002516.2	5911031	5910402
NP_250267_1	NC_002516.2	1715808	1716674
NP_253416_1	NC_002516.2	5310725	5311213
NP_250192_1	NC_002516.2	1630805	1630023
NP_253316_1	NC_002516.2	5193195	5194166
NP_252425_1	NC_002516.2	4189546	4188242
NP_250849_1	NC_002516.2	2379209	2378793
NP_249080_1	NC_002516.2	430621	430001
NP_249081_1	NC_002516.2	431768	430629
NP_254182_1	NC_002516.2	6186926	6187876
NP_253137_1	NC_002516.2	4982100	4981045
NP_251842_1	NC_002516.2	3536578	3535970
NP_251855_1	NC_002516.2	3554087	3552978
NP_250292_1	NC_002516.2	1745535	1743289
NP_250293_1	NC_002516.2	1746023	1745532
NP_250623_1	NC_002516.2	2113185	2115389
NP_253308_1	NC_002516.2	5177650	5176679
NP_253310_1	NC_002516.2	5179443	5178904
NP_250214_1	NC_002516.2	1657744	1655345
NP_250215_1	NC_002516.2	1659191	1657737
NP_251068_1	NC_002516.2	2632230	2629915
NP_250622_1	NC_002516.2	2112199	2113188
NP_250987_1	NC_002516.2	2527656	2527411
NP_253570_1	NC_002516.2	5479586	5478972
NP_252502_1	NC_002516.2	4270884	4270498
NP_253962_1	NC_002516.2	5941081	5940746
NP_252501_1	NC_002516.2	4270470	4270147
NP_251313_1	NC_002516.2	2966801	2965545
NP_251314_1	NC_002516.2	2967160	2969385
NP_252921_1	NC_002516.2	4745120	4746550
NP_250593_1	NC_002516.2	2072934	2073557
NP_252902_1	NC_002516.2	4716040	4716663
NP_251324_1	NC_002516.2	2977755	2979350
NP_251841_1	NC_002516.2	3535970	3535215
NP_253827_1	NC_002516.2	5789383	5788613
NP_253829_1	NC_002516.2	5791085	5790444
NP_253830_1	NC_002516.2	5791675	5791082
NP_249342_1	NC_002516.2	705129	705965
NP_249761_1	NC_002516.2	1158654	1157953
NP_249762_1	NC_002516.2	1159424	1158657
NP_249763_1	NC_002516.2	1160674	1159421
NP_249764_1	NC_002516.2	1161594	1160671
NP_249765_1	NC_002516.2	1162976	1161855
NP_253596_1	NC_002516.2	5508684	5507968
NP_253597_1	NC_002516.2	5509553	5508681
NP_253598_1	NC_002516.2	5510827	5509550
NP_253599_1	NC_002516.2	5511752	5510838
NP_253600_1	NC_002516.2	5513111	5511987
NP_250661_1	NC_002516.2	2153067	2151754
NP_250729_1	NC_002516.2	2230182	2229424
NP_253700_1	NC_002516.2	5632869	5631946
NP_248941_1	NC_002516.2	282756	282322
NP_250882_1	NC_002516.2	2411708	2412121
NP_252459_1	NC_002516.2	4228785	4227316
NP_254121_1	NC_002516.2	6116311	6115058
NP_248928_1	NC_002516.2	267637	268680
NP_253528_1	NC_002516.2	5434651	5434115
NP_253247_1	NC_002516.2	5105929	5104985
NP_251808_1	NC_002516.2	3501749	3500667
NP_251810_1	NC_002516.2	3503279	3502641
NP_251811_1	NC_002516.2	3504715	3503291
NP_249908_1	NC_002516.2	1319513	1318146
NP_252481_3	NC_002516.2	4250827	4252605
NP_253779_1	NC_002516.2	5734116	5732908
NP_250324_1	NC_002516.2	1776044	1777738
NP_250326_1	NC_002516.2	1779876	1780427
NP_253382_1	NC_002516.2	5273470	5272454
NP_248807_1	NC_002516.2	137247	137975
NP_249689_1	NC_002516.2	1080852	1081898
NP_250832_1	NC_002516.2	2356712	2357572
NP_251243_1	NC_002516.2	2886551	2885361
NP_251703_1	NC_002516.2	3374428	3373253
NP_251669_1	NC_002516.2	3338455	3337691
NP_253148_1	NC_002516.2	4990285	4990824
NP_252326_1	NC_002516.2	4070856	4070011
NP_250187_1	NC_002516.2	1624714	1623863
NP_248706_1	NC_002516.2	18738	17365
NP_249608_1	NC_002516.2	1000012	1001916
NP_250082_1	NC_002516.2	1512259	1514034
NP_251900_1	NC_002516.2	3598932	3600386
NP_254080_1	NC_002516.2	6071617	6070265
NP_254216_1	NC_002516.2	6221100	6222857
NP_249898_1	NC_002516.2	1306058	1307899
NP_252263_1	NC_002516.2	4006144	4004966
NP_254205_1	NC_002516.2	6211767	6210064
NP_249745_1	NC_002516.2	1142060	1144861
NP_249747_1	NC_002516.2	1145196	1146695
NP_249749_1	NC_002516.2	1147201	1147470
NP_249750_1	NC_002516.2	1147467	1147814
NP_253505_1	NC_002516.2	5409308	5407872
NP_250417_1	NC_002516.2	1868534	1866240
NP_249618_1	NC_002516.2	1012971	1011982
NP_252214_1	NC_002516.2	3944183	3944569
NP_253798_1	NC_002516.2	5753614	5754144
NP_252686_1	NC_002516.2	4478626	4477973
NP_252685_1	NC_002516.2	4477976	4476993
NP_253459_1	NC_002516.2	5357229	5358374
NP_250804_1	NC_002516.2	2326078	2324807
NP_251004_1	NC_002516.2	2552674	2551421
NP_252108_1	NC_002516.2	3825772	3824747
NP_252333_1	NC_002516.2	4082180	4081044
NP_249719_1	NC_002516.2	1114773	1116059
NP_251546_1	NC_002516.2	3209277	3208672
NP_251991_1	NC_002516.2	3699368	3700318
NP_253839_1	NC_002516.2	5800526	5801299
NP_253840_1	NC_002516.2	5801314	5802066
NP_253841_1	NC_002516.2	5802128	5802823
NP_253842_1	NC_002516.2	5802820	5803512
NP_253318_1	NC_002516.2	5195369	5196832
NP_253197_1	NC_002516.2	5046663	5046031
NP_253445_1	NC_002516.2	5343754	5343104
NP_250697_1	NC_002516.2	2196131	2195493
NP_248902_1	NC_002516.2	240070	240933
NP_248903_1	NC_002516.2	240930	241736
NP_249173_1	NC_002516.2	544346	542169
NP_252241_1	NC_002516.2	3978030	3979475
NP_254139_1	NC_002516.2	6143104	6141665
NP_251032_1	NC_002516.2	2586433	2587908
NP_249483_1	NC_002516.2	868807	867323
NP_249487_1	NC_002516.2	875101	874205
NP_253559_1	NC_002516.2	5469977	5469114
NP_249486_1	NC_002516.2	874112	872985
NP_248905_1	NC_002516.2	242441	243373
NP_251658_1	NC_002516.2	3327082	3326144
NP_252692_1	NC_002516.2	4485335	4483395
NP_253108_1	NC_002516.2	4954342	4952603
NP_253388_1	NC_002516.2	5280291	5277967
NP_253732_1	NC_002516.2	5680897	5683365
NP_251737_1	NC_002516.2	3410263	3411693
NP_252688_1	NC_002516.2	4480138	4478978
NP_249560_1	NC_002516.2	950647	949715
NP_253330_1	NC_002516.2	5208463	5209986
NP_250374_1	NC_002516.2	1833161	1833778
NP_252161_1	NC_002516.2	3885253	3883559
NP_253733_1	NC_002516.2	5684738	5683470
NP_252492_1	NC_002516.2	4263492	4262377
NP_252317_1	NC_002516.2	4062898	4062425
NP_252323_1	NC_002516.2	4068307	4067603
NP_254190_1	NC_002516.2	6195308	6196315
NP_254192_1	NC_002516.2	6197069	6197851
NP_252620_1	NC_002516.2	4406805	4407584
NP_254191_1	NC_002516.2	6196315	6196992
NP_249237_1	NC_002516.2	604895	603705
NP_250534_1	NC_002516.2	2003592	1999888
NP_250617_1	NC_002516.2	2106579	2108879
NP_251384_1	NC_002516.2	3047969	3047643
NP_252750_1	NC_002516.2	4539888	4540757
NP_253705_1	NC_002516.2	5643802	5644449
NP_253927_1	NC_002516.2	5900694	5900368
NP_251517_1	NC_002516.2	3180951	3180553
NP_249604_1	NC_002516.2	996037	997485
NP_253325_1	NC_002516.2	5203667	5204371
NP_253512_1	NC_002516.2	5418123	5415412
NP_251713_1	NC_002516.2	3386194	3385286
NP_249485_1	NC_002516.2	872854	870248
NP_249062_1	NC_002516.2	416015	414528
NP_249063_1	NC_002516.2	417405	416008
NP_251663_1	NC_002516.2	3330669	3329689
NP_253094_1	NC_002516.2	4937672	4936749
NP_253734_1	NC_002516.2	5686280	5684841
NP_253820_1	NC_002516.2	5780962	5782248
NP_249913_1	NC_002516.2	1325949	1324792
NP_250503_1	NC_002516.2	1971238	1969634
NP_251710_1	NC_002516.2	3381962	3383890
NP_252453_1	NC_002516.2	4219840	4221198
NP_253134_1	NC_002516.2	4977868	4978971
NP_248820_1	NC_002516.2	149053	147560
NP_249438_1	NC_002516.2	816011	814503
NP_253024_1	NC_002516.2	4864528	4863272
NP_252606_1	NC_002516.2	4386607	4386356
NP_253675_1	NC_002516.2	5605097	5603820
NP_250553_1	NC_002516.2	2022397	2021711
NP_252131_1	NC_002516.2	3847932	3847717
NP_250552_1	NC_002516.2	2021709	2020624
NP_250554_1	NC_002516.2	2023165	2022410
NP_250289_1	NC_002516.2	1741064	1740243
NP_253417_1	NC_002516.2	5311463	5312263
NP_250854_1	NC_002516.2	2388345	2386594
NP_250852_1	NC_002516.2	2384554	2381774
NP_251719_1	NC_002516.2	3394020	3393481
NP_253252_1	NC_002516.2	5112378	5110840
NP_249069_1	NC_002516.2	422942	422211
NP_252605_1	NC_002516.2	4386351	4385899
NP_253352_1	NC_002516.2	5231658	5230900
NP_251694_1	NC_002516.2	3365743	3365006
NP_250487_1	NC_002516.2	1947040	1946186
NP_249121_1	NC_002516.2	482067	481195
NP_250842_1	NC_002516.2	2368110	2371412
NP_251859_1	NC_002516.2	3560510	3559434
NP_251199_1	NC_002516.2	2827078	2825957
NP_248921_1	NC_002516.2	259783	261162
NP_251198_1	NC_002516.2	2825925	2825635
NP_252726_1	NC_002516.2	4519274	4520200
NP_250220_1	NC_002516.2	1666024	1668408
NP_250514_1	NC_002516.2	1982704	1983540
NP_249640_1	NC_002516.2	1037174	1036578
NP_250574_1	NC_002516.2	2053276	2053674
NP_251405_1	NC_002516.2	3070365	3070703
NP_251329_1	NC_002516.2	2983962	2985743
NP_251338_1	NC_002516.2	2994727	2996256
NP_251327_1	NC_002516.2	2982780	2983193
NP_251328_1	NC_002516.2	2983204	2983881
NP_251330_1	NC_002516.2	2985745	2986245
NP_251331_1	NC_002516.2	2986242	2987588
NP_251332_1	NC_002516.2	2987720	2990437
NP_251333_1	NC_002516.2	2990434	2991429
NP_251334_1	NC_002516.2	2991441	2991989
NP_251335_1	NC_002516.2	2992001	2992501
NP_251336_1	NC_002516.2	2992547	2992855
NP_251337_1	NC_002516.2	2992852	2994699
NP_251339_1	NC_002516.2	2996264	2997724
NP_251381_1	NC_002516.2	3046151	3044946
NP_253228_1	NC_002516.2	5077769	5079076
NP_251684_1	NC_002516.2	3352878	3351655
NP_251685_1	NC_002516.2	3353497	3352889
NP_251686_1	NC_002516.2	3354171	3353497
NP_251687_1	NC_002516.2	3354953	3354168
NP_251688_1	NC_002516.2	3356157	3354946
NP_251689_1	NC_002516.2	3357498	3356161
NP_251778_1	NC_002516.2	3466959	3466072
NP_248713_1	NC_002516.2	25544	24567
NP_251270_1	NC_002516.2	2916747	2916157
NP_251370_1	NC_002516.2	3027077	3028051
NP_250764_1	NC_002516.2	2278981	2279793
NP_253607_1	NC_002516.2	5519710	5520537
NP_248885_1	NC_002516.2	224100	225218
NP_251681_1	NC_002516.2	3350231	3348837
NP_248887_1	NC_002516.2	225602	227038
NP_248886_2	NC_002516.2	225294	225602
NP_253606_1	NC_002516.2	5518482	5519681
NP_250470_1	NC_002516.2	1925769	1923043
NP_249748_1	NC_002516.2	1146692	1147216
NP_250825_1	NC_002516.2	2350088	2351452
NP_252350_1	NC_002516.2	4101848	4100103
NP_253708_3	NC_002516.2	5647813	5649429
NP_249746_1	NC_002516.2	1144861	1145199
NP_251343_1	NC_002516.2	3003197	3001872
NP_250511_1	NC_002516.2	1979940	1978438
NP_252428_1	NC_002516.2	4191726	4193561
NP_252576_1	NC_002516.2	4354101	4352827
NP_252496_1	NC_002516.2	4266900	4266469
NP_253778_1	NC_002516.2	5732915	5732115
NP_251729_1	NC_002516.2	3403515	3402133
NP_253974_1	NC_002516.2	5952442	5951114
NP_251709_1	NC_002516.2	3381736	3379814
NP_249756_1	NC_002516.2	1151434	1151907
NP_251502_1	NC_002516.2	3166470	3165538
NP_250145_1	NC_002516.2	1583955	1584797
NP_253604_1	NC_002516.2	5517710	5517108
NP_250648_1	NC_002516.2	2142888	2142313
NP_249893_1	NC_002516.2	1302695	1303312
NP_252472_1	NC_002516.2	4242415	4243044
NP_253605_1	NC_002516.2	5517820	5518479
NP_254194_1	NC_002516.2	6198916	6199569
NP_252695_1	NC_002516.2	4486846	4486202
NP_253214_1	NC_002516.2	5068031	5068879
NP_251467_1	NC_002516.2	3135999	3135043
NP_252561_1	NC_002516.2	4335958	4335275
NP_252562_1	NC_002516.2	4336701	4335961
NP_252563_1	NC_002516.2	4338248	4336707
NP_252564_1	NC_002516.2	4342045	4338260
NP_249863_1	NC_002516.2	1272795	1272199
NP_249864_1	NC_002516.2	1273297	1272806
NP_249865_1	NC_002516.2	1275797	1273308
NP_250474_1	NC_002516.2	1931774	1930563
NP_252566_1	NC_002516.2	4344834	4343539
NP_252565_1	NC_002516.2	4343527	4342121
NP_251354_1	NC_002516.2	3013772	3012591
NP_254037_1	NC_002516.2	6018996	6018829
NP_249215_1	NC_002516.2	582454	583854
NP_250179_1	NC_002516.2	1615907	1614669
NP_249628_1	NC_002516.2	1027444	1027983
NP_252575_1	NC_002516.2	4351594	4352493
NP_253968_1	NC_002516.2	5945234	5945932
NP_252315_1	NC_002516.2	4061373	4060624
NP_253439_1	NC_002516.2	5337700	5335781
NP_253449_1	NC_002516.2	5349110	5347197
NP_253639_1	NC_002516.2	5556934	5557953
NP_249626_1	NC_002516.2	1025400	1026230
NP_249078_1	NC_002516.2	429453	428860
NP_251733_1	NC_002516.2	3404978	3406309
NP_251404_1	NC_002516.2	3068039	3070348
NP_252219_1	NC_002516.2	3949592	3948990
NP_252220_1	NC_002516.2	3949852	3950073
NP_250471_1	NC_002516.2	1926122	1925796
NP_250472_1	NC_002516.2	1928625	1926175
NP_254122_1	NC_002516.2	6118315	6116492
NP_250108_1	NC_002516.2	1542745	1541144
NP_252105_1	NC_002516.2	3822496	3821384
NP_252106_1	NC_002516.2	3823515	3822514
NP_252107_1	NC_002516.2	3824605	3823508
NP_250609_1	NC_002516.2	2094141	2093443
NP_252227_1	NC_002516.2	3959032	3959949
NP_253859_1	NC_002516.2	5823715	5824725
NP_251490_1	NC_002516.2	3157563	3156859
NP_250689_1	NC_002516.2	2185526	2186224
NP_253986_1	NC_002516.2	5969144	5967285
NP_253259_1	NC_002516.2	5116864	5117832
NP_251857_1	NC_002516.2	3556338	3555253
NP_250937_1	NC_002516.2	2473212	2474444
NP_250938_1	NC_002516.2	2474441	2475493
NP_250939_1	NC_002516.2	2475494	2476780
NP_250940_1	NC_002516.2	2476784	2478178
NP_251566_1	NC_002516.2	3230181	3229483
NP_253924_1	NC_002516.2	5896726	5895260
NP_253752_1	NC_002516.2	5704076	5705677
NP_249948_1	NC_002516.2	1365861	1365217
NP_252551_1	NC_002516.2	4322787	4323734
NP_253595_1	NC_002516.2	5507897	5506965
NP_253209_1	NC_002516.2	5061277	5060114
NP_251612_1	NC_002516.2	3277408	3278577
NP_254018_1	NC_002516.2	6002039	6001398
NP_253189_1	NC_002516.2	5036244	5036807
NP_248922_1	NC_002516.2	261178	261969
NP_248956_1	NC_002516.2	299521	300972
NP_249147_1	NC_002516.2	514774	514983
NP_249473_1	NC_002516.2	851782	854964
NP_249084_1	NC_002516.2	435650	434829
NP_250449_1	NC_002516.2	1898650	1897289
NP_253576_1	NC_002516.2	5486196	5485096
NP_252826_1	NC_002516.2	4626661	4627917
NP_253418_1	NC_002516.2	5312260	5313111
NP_252009_1	NC_002516.2	3722758	3720680
NP_253105_1	NC_002516.2	4949771	4948689
NP_250091_1	NC_002516.2	1521108	1524395
NP_254123_1	NC_002516.2	6119746	6118331
NP_248843_1	NC_002516.2	174772	175491
NP_248844_1	NC_002516.2	175502	176107
NP_251508_1	NC_002516.2	3173174	3171597
NP_252636_1	NC_002516.2	4428129	4426951
NP_253656_1	NC_002516.2	5579498	5578680
NP_253702_1	NC_002516.2	5636155	5638803
NP_253703_1	NC_002516.2	5638948	5640591
NP_253516_1	NC_002516.2	5421725	5420322
NP_249740_1	NC_002516.2	1136387	1137034
NP_252905_1	NC_002516.2	2076310	2076957
NP_252906_1	NC_002516.2	4719418	4720062
NP_250902_1	NC_002516.2	2431125	2432138
NP_249284_1	NC_002516.2	652482	651496
NP_249464_1	NC_002516.2	841078	841824
NP_254203_1	NC_002516.2	6208574	6209440
NP_253684_1	NC_002516.2	5615543	5613732
NP_250066_1	NC_002516.2	1491912	1493054
NP_252000_1	NC_002516.2	3712403	3710748
NP_253437_1	NC_002516.2	5334903	5333566
NP_249007_1	NC_002516.2	356476	355247
NP_249243_1	NC_002516.2	611280	612443
NP_251872_1	NC_002516.2	3572336	3571620
NP_252893_1	NC_002516.2	4704138	4705304
NP_250953_1	NC_002516.2	2492063	2493049
NP_248755_1	NC_002516.2	78096	77431
NP_249299_1	NC_002516.2	670088	670906
NP_249501_1	NC_002516.2	888283	887582
NP_250757_1	NC_002516.2	2266428	2265760
NP_251862_1	NC_002516.2	3562800	3563480
NP_250307_1	NC_002516.2	1760121	1760585
NP_251812_1	NC_002516.2	3504878	3505771
NP_253818_1	NC_002516.2	5778133	5779680
NP_252739_1	NC_002516.2	4532659	4532144
NP_251274_1	NC_002516.2	2923926	2923366
NP_254098_1	NC_002516.2	6087098	6088198
NP_249606_1	NC_002516.2	998381	997920
NP_253348_1	NC_002516.2	5226991	5227890
NP_253948_1	NC_002516.2	5923289	5922543
NP_253949_1	NC_002516.2	5924370	5923294
NP_253743_1	NC_002516.2	5695365	5697044
NP_253745_1	NC_002516.2	5698358	5700040
NP_250167_1	NC_002516.2	1602876	1603547
NP_250168_1	NC_002516.2	1603670	1604428
NP_250166_1	NC_002516.2	1602178	1602879
NP_250170_1	NC_002516.2	1604598	1605086
NP_252510_1	NC_002516.2	4278946	4277084
NP_252511_1	NC_002516.2	4279344	4279006
NP_252512_1	NC_002516.2	4280506	4279388
NP_249557_1	NC_002516.2	947204	948622
NP_250683_1	NC_002516.2	2181055	2179847
NP_248959_1	NC_002516.2	305597	304176
NP_250722_1	NC_002516.2	2221336	2222760
NP_251829_1	NC_002516.2	3522747	3523943
NP_253970_1	NC_002516.2	5947294	5948670
NP_249563_1	NC_002516.2	953406	952618
NP_251238_1	NC_002516.2	2878975	2880369
NP_252982_1	NC_002516.2	4815042	4816511
NP_253894_1	NC_002516.2	5862988	5861720
NP_254160_1	NC_002516.2	6162220	6163968
NP_249379_1	NC_002516.2	747469	748575
NP_254053_1	NC_002516.2	6034043	6033210
NP_254054_1	NC_002516.2	6035735	6034059
NP_254055_1	NC_002516.2	6037788	6035755
NP_254056_1	NC_002516.2	6039182	6038211
NP_254009_2	NC_002516.2	5991167	5993773
NP_250067_1	NC_002516.2	1494822	1493089
NP_252969_1	NC_002516.2	4787479	4786733
NP_254026_1	NC_002516.2	6008397	6008777
NP_253984_1	NC_002516.2	5964858	5966576
NP_252720_1	NC_002516.2	4512548	4513075
NP_249474_1	NC_002516.2	855276	856796
NP_253930_1	NC_002516.2	5905626	5904613
NP_252377_1	NC_002516.2	4130391	4127755
NP_254007_1	NC_002516.2	5989459	5990667
NP_253879_1	NC_002516.2	5846008	5844467
NP_250704_1	NC_002516.2	2205066	2203459
NP_251578_1	NC_002516.2	3240590	3242206
NP_251581_1	NC_002516.2	3244344	3246329
NP_254132_1	NC_002516.2	6133837	6135330
NP_254025_1	NC_002516.2	6006230	6008335
NP_252145_1	NC_002516.2	3862164	3860674
NP_253929_1	NC_002516.2	5904595	5902385
NP_249352_1	NC_002516.2	714685	714263
NP_253353_1	NC_002516.2	5232482	5231652
NP_250758_1	NC_002516.2	2267593	2266430
NP_250373_1	NC_002516.2	1832013	1833164
NP_250461_1	NC_002516.2	1914036	1916411
NP_253542_1	NC_002516.2	5450756	5452045
NP_251803_1	NC_002516.2	3494476	3493841
NP_249636_1	NC_002516.2	1033823	1032762
NP_253753_1	NC_002516.2	5705793	5706197
NP_249704_1	NC_002516.2	1096062	1096772
NP_253754_1	NC_002516.2	5706190	5706525
NP_252919_1	NC_002516.2	4744063	4744818
NP_249554_1	NC_002516.2	944440	943481
NP_249046_1	NC_002516.2	400031	399492
NP_252452_1	NC_002516.2	4219439	4215543
NP_253828_1	NC_002516.2	5790131	5789394
NP_248978_1	NC_002516.2	322174	323559
NP_249480_1	NC_002516.2	864094	865509
NP_250109_1	NC_002516.2	1544212	1542821
NP_253784_1	NC_002516.2	5739834	5738431
NP_251390_1	NC_002516.2	3053843	3055150
NP_253359_1	NC_002516.2	5238407	5239348
NP_253644_1	NC_002516.2	5562417	5563286
NP_249780_1	NC_002516.2	1176379	1176981
NP_249834_1	NC_002516.2	1234747	1234094
NP_253647_1	NC_002516.2	5568943	5567654
NP_253864_1	NC_002516.2	5829595	5830260
NP_254234_1	NC_002516.2	6240869	6241492
NP_253381_1	NC_002516.2	5272299	5271484
NP_249526_1	NC_002516.2	911531	909417
NP_249054_1	NC_002516.2	407097	406618
NP_249017_1	NC_002516.2	367128	366079
NP_248896_1	NC_002516.2	234848	233928
NP_248897_1	NC_002516.2	235986	234874
NP_249015_1	NC_002516.2	365156	364368
NP_248894_1	NC_002516.2	233099	232065
NP_252297_1	NC_002516.2	4041078	4042169
NP_252298_1	NC_002516.2	4042174	4043067
NP_252299_1	NC_002516.2	4043060	4043830
NP_248895_1	NC_002516.2	233931	233122
NP_250101_1	NC_002516.2	1534288	1535379
NP_252300_1	NC_002516.2	4043919	4044983
NP_248990_1	NC_002516.2	336950	338320
NP_248993_1	NC_002516.2	341110	342264
NP_248994_1	NC_002516.2	342291	343172
NP_248995_1	NC_002516.2	343255	344124
NP_248992_1	NC_002516.2	339958	341055
NP_249294_1	NC_002516.2	664782	665891
NP_249295_1	NC_002516.2	665947	666993
NP_249296_1	NC_002516.2	667107	668354
NP_249297_1	NC_002516.2	668460	669290
NP_250731_1	NC_002516.2	2232221	2233591
NP_250216_1	NC_002516.2	1660545	1659412
NP_250189_1	NC_002516.2	1627494	1626061
NP_253019_1	NC_002516.2	4856959	4858410
NP_251016_1	NC_002516.2	2568283	2566874
NP_251946_1	NC_002516.2	3642833	3641871
NP_249695_1	NC_002516.2	1087842	1088900
NP_252742_1	NC_002516.2	4534591	4534115
NP_252744_1	NC_002516.2	4536492	4535833
NP_250640_1	NC_002516.2	2135459	2136385
NP_248826_1	NC_002516.2	154416	155987
NP_252526_1	NC_002516.2	4298310	4299200
NP_250636_1	NC_002516.2	2130853	2131812
NP_250637_1	NC_002516.2	2131834	2133366
NP_250638_1	NC_002516.2	2133390	2134388
NP_254184_1	NC_002516.2	6191075	6188871
NP_249846_1	NC_002516.2	1251153	1249906
NP_249847_1	NC_002516.2	1254308	1251417
NP_252179_1	NC_002516.2	3907267	3907851
NP_252180_1	NC_002516.2	3907848	3908414
NP_252181_1	NC_002516.2	3908411	3910735
NP_252182_1	NC_002516.2	3910738	3911772
NP_252183_1	NC_002516.2	3911772	3912416
NP_252184_1	NC_002516.2	3912409	3913131
NP_254071_1	NC_002516.2	6063346	6062351
NP_250610_1	NC_002516.2	2096355	2094328
NP_251416_1	NC_002516.2	3079196	3079834
NP_249298_1	NC_002516.2	669414	670088
NP_249021_1	NC_002516.2	371832	371161
NP_252358_1	NC_002516.2	4107075	4107497
NP_252357_1	NC_002516.2	4105873	4107078
NP_253115_1	NC_002516.2	4959925	4960518
NP_254125_1	NC_002516.2	6122052	6121171
NP_249590_1	NC_002516.2	982884	984230
NP_253132_1	NC_002516.2	4976594	4974693
NP_253133_1	NC_002516.2	4977523	4976606
NP_252967_1	NC_002516.2	4785508	4784315
NP_251791_1	NC_002516.2	3480691	3480245
NP_251793_1	NC_002516.2	3483421	3481913
NP_249622_1	NC_002516.2	1018229	1020457
NP_253091_1	NC_002516.2	4932380	4931745
NP_251241_1	NC_002516.2	2883156	2884088
NP_254103_1	NC_002516.2	6095362	6096612
NP_254104_1	NC_002516.2	6096706	6097026
NP_254105_1	NC_002516.2	6097023	6100040
NP_254106_1	NC_002516.2	6100134	6100769
NP_249853_1	NC_002516.2	1260441	1259290
NP_252349_1	NC_002516.2	4098843	4100051
NP_249022_1	NC_002516.2	372090	373604
NP_250017_1	NC_002516.2	1437066	1438613
NP_252017_1	NC_002516.2	3730556	3737614
NP_250795_1	NC_002516.2	2316707	2317402
NP_252505_1	NC_002516.2	4273576	4272800
NP_252047_1	NC_002516.2	3768183	3769529
NP_249542_1	NC_002516.2	930475	929513
NP_251133_1	NC_002516.2	2742352	2740976
NP_254066_1	NC_002516.2	6056876	6058252
NP_250732_1	NC_002516.2	2234079	2235308
NP_252318_1	NC_002516.2	4063820	4062969
NP_249592_1	NC_002516.2	984548	985546
NP_249589_1	NC_002516.2	981421	982887
NP_249201_1	NC_002516.2	573421	572582
NP_251301_1	NC_002516.2	2953413	2952016
NP_248715_1	NC_002516.2	26710	27534
NP_248935_1	NC_002516.2	277333	276479
NP_253726_1	NC_002516.2	5675701	5675183
NP_251797_1	NC_002516.2	3488391	3487180
NP_252438_1	NC_002516.2	4201251	4202564
NP_249795_1	NC_002516.2	1196020	1197375
NP_251253_1	NC_002516.2	2897609	2899096
NP_252528_1	NC_002516.2	4300116	4301948
NP_249822_1	NC_002516.2	1224327	1223059
NP_250231_1	NC_002516.2	1678589	1678260
NP_250232_1	NC_002516.2	1678951	1678583
NP_250378_1	NC_002516.2	1836366	1837226
NP_252468_1	NC_002516.2	4237692	4238732
NP_250272_1	NC_002516.2	1720743	1721129
NP_250273_1	NC_002516.2	1721123	1721491
NP_250274_1	NC_002516.2	1721495	1723267
NP_250275_1	NC_002516.2	1723279	1723986
NP_250279_1	NC_002516.2	1730180	1731346
NP_250280_1	NC_002516.2	1731346	1732233
NP_250338_1	NC_002516.2	1794739	1793018
NP_248971_1	NC_002516.2	314926	313937
NP_248972_1	NC_002516.2	315799	314930
NP_248973_1	NC_002516.2	316628	315810
NP_248974_1	NC_002516.2	317788	316790
NP_250529_1	NC_002516.2	1996805	1995147
NP_253203_1	NC_002516.2	5053399	5050847
NP_251486_1	NC_002516.2	3153581	3154504
NP_248883_1	NC_002516.2	221584	222486
NP_251000_1	NC_002516.2	2549457	2548570
NP_252624_1	NC_002516.2	4414024	4413191
NP_253851_1	NC_002516.2	5813121	5813666
NP_252758_1	NC_002516.2	4547551	4546667
NP_253849_1	NC_002516.2	5811335	5812243
NP_253848_1	NC_002516.2	5810280	5811338
NP_254137_1	NC_002516.2	6140868	6139603
NP_251671_1	NC_002516.2	3339676	3338678
NP_252356_1	NC_002516.2	4104744	4105778
NP_248829_1	NC_002516.2	158198	158761
NP_249699_1	NC_002516.2	1092497	1092024
NP_254100_1	NC_002516.2	6093085	6092045
NP_251373_1	NC_002516.2	3031397	3030435
NP_250311_1	NC_002516.2	1763792	1764433
NP_251400_1	NC_002516.2	3063971	3064585
NP_251619_1	NC_002516.2	3285620	3285006
NP_249855_1	NC_002516.2	1263377	1264189
NP_250885_1	NC_002516.2	2414253	2415506
NP_252740_1	NC_002516.2	4533620	4532652
NP_251300_1	NC_002516.2	2951037	2952011
NP_251730_1	NC_002516.2	3403811	3404140
NP_253805_1	NC_002516.2	5766146	5764692
NP_252860_1	NC_002516.2	4667903	4668466
NP_250793_1	NC_002516.2	2314511	2315689
NP_249071_1	NC_002516.2	423459	423659
NP_249239_1	NC_002516.2	606159	608156
NP_249033_1	NC_002516.2	384732	385526
NP_253501_1	NC_002516.2	5403304	5405349
NP_253436_1	NC_002516.2	5333500	5332745
NP_248830_1	NC_002516.2	158906	160471
NP_249540_1	NC_002516.2	927879	928829
NP_251306_1	NC_002516.2	2959467	2960417
NP_252859_1	NC_002516.2	4666835	4667767
NP_251106_1	NC_002516.2	2698525	2700162
NP_248725_1	NC_002516.2	37892	37086
NP_248726_1	NC_002516.2	39097	37889
NP_250191_1	NC_002516.2	1629948	1629058
NP_249072_1	NC_002516.2	423718	424515
NP_250606_1	NC_002516.2	2091444	2090212
NP_252455_1	NC_002516.2	4223178	4221922
NP_251195_1	NC_002516.2	2823919	2822573
NP_252336_1	NC_002516.2	4084504	4083443
NP_253107_1	NC_002516.2	4952603	4951140
NP_251838_1	NC_002516.2	3532814	3531750
NP_252334_1	NC_002516.2	4082960	4082184
NP_253140_1	NC_002516.2	4985469	4984204
NP_253102_1	NC_002516.2	4946140	4945067
NP_253104_1	NC_002516.2	4948675	4947329
NP_253101_1	NC_002516.2	4945074	4943632
NP_251667_1	NC_002516.2	3337230	3336211
NP_250649_1	NC_002516.2	2143172	2144005
NP_252342_1	NC_002516.2	4091654	4090899
NP_250075_1	NC_002516.2	1503567	1504580
NP_252757_1	NC_002516.2	4546674	4545745
NP_250712_1	NC_002516.2	2213692	2215053
NP_251849_1	NC_002516.2	3545073	3543763
NP_252230_1	NC_002516.2	3962824	3964134
NP_252249_1	NC_002516.2	3987289	3988683
NP_252244_1	NC_002516.2	3982020	3984008
NP_252242_1	NC_002516.2	3979859	3981007
NP_250205_1	NC_002516.2	1647045	1646536
NP_253106_1	NC_002516.2	4951147	4949771
NP_253096_1	NC_002516.2	4939186	4938275
NP_252248_1	NC_002516.2	3986879	3987292
NP_252247_1	NC_002516.2	3986535	3986882
NP_252709_1	NC_002516.2	4499842	4498487
NP_252344_1	NC_002516.2	4092967	4092230
NP_252245_1	NC_002516.2	3984005	3984892
NP_252243_1	NC_002516.2	3981004	3982023
NP_253506_1	NC_002516.2	5410279	5409305
NP_250469_1	NC_002516.2	1923031	1922294
NP_253945_1	NC_002516.2	5920714	5919584
NP_253946_1	NC_002516.2	5921496	5920741
NP_253721_1	NC_002516.2	5666056	5664989
NP_249135_1	NC_002516.2	498419	499702
NP_249094_1	NC_002516.2	446226	445714
NP_253335_1	NC_002516.2	5212832	5213470
NP_253336_1	NC_002516.2	5213473	5214756
NP_249134_1	NC_002516.2	496870	498360
NP_250198_1	NC_002516.2	1637695	1636328
NP_253787_1	NC_002516.2	5744752	5743073
NP_253580_1	NC_002516.2	5488396	5489010
NP_253552_1	NC_002516.2	5463606	5463908
NP_253554_1	NC_002516.2	5464452	5464757
NP_253555_1	NC_002516.2	5464820	5466520
NP_253551_1	NC_002516.2	5462762	5463604
NP_253578_1	NC_002516.2	5487214	5487717
NP_253579_1	NC_002516.2	5487714	5488385
NP_253545_1	NC_002516.2	5456451	5457716
NP_253547_1	NC_002516.2	5459449	5460528
NP_253548_1	NC_002516.2	5460525	5461382
NP_253549_1	NC_002516.2	5461519	5462217
NP_250188_1	NC_002516.2	1625694	1624780
NP_252052_1	NC_002516.2	3773947	3773429
NP_250207_1	NC_002516.2	1648631	1648116
NP_250209_1	NC_002516.2	1649927	1650307
NP_252018_1	NC_002516.2	3737611	3738777
NP_250483_1	NC_002516.2	1942441	1941719
NP_251909_1	NC_002516.2	3608928	3608116
NP_253590_1	NC_002516.2	5502671	5501337
NP_253591_1	NC_002516.2	5503050	5504105
NP_253592_1	NC_002516.2	5504120	5505073
NP_249236_1	NC_002516.2	602345	603649
NP_253985_1	NC_002516.2	5966705	5967277
NP_251033_1	NC_002516.2	2587905	2589413
NP_251099_1	NC_002516.2	2691861	2692766
NP_254185_1	NC_002516.2	6192108	6191185
NP_254187_1	NC_002516.2	6192681	6193490
NP_254188_1	NC_002516.2	6193483	6194271
