AAN53397_1	NC_004347.2	318697	317543
AAN54873_1	NC_004347.2	1912703	1913899
AAN56069_1	NC_004347.2	3175493	3174324
AAN56871_1	NC_004347.2	4042064	4043173
AAN56556_1	NC_004347.2	3727578	3729635
AAN53281_1	NC_004347.2	203015	204877
AAN55659_1	NC_004347.2	2767947	2768423
AAN54711_1	NC_004347.2	1743567	1744487
AAN54418_1	NC_004347.2	1408756	1409283
AAN54695_1	NC_004347.2	1723043	1723507
AAN54908_1	NC_004347.2	1948014	1947499
AAN55873_1	NC_004347.2	2983267	2981531
AAN56943_1	NC_004347.2	4108844	4108158
AAN54738_1	NC_004347.2	1770319	1771077
AAN55801_1	NC_004347.2	2898924	2898178
AAN56261_2	NC_004347.2	3399545	3400279
AAN55799_1	NC_004347.2	2897571	2896333
AAN55869_1	NC_004347.2	2976949	2978013
AAN56080_2	NC_004347.2	3192642	3191407
AAN57348_1	NC_004347.2	4575438	4576655
AAN57351_1	NC_004347.2	4578034	4579296
AAN53170_1	NC_004347.2	94703	95089
AAN56057_1	NC_004347.2	3162048	3159802
AAN56058_1	NC_004347.2	3162544	3162050
AAN53183_1	NC_004347.2	103966	104673
AAN56411_1	NC_004347.2	3555217	3554279
AAN56410_1	NC_004347.2	3554206	3552923
AAN54387_1	NC_004347.2	1376668	1375958
AAN56689_1	NC_004347.2	3854429	3855214
AAN56930_1	NC_004347.2	4098654	4099631
AAN55800_1	NC_004347.2	2898014	2897781
AAN54344_1	NC_004347.2	1325610	1326887
AAN53107_1	NC_004347.2	24469	23306
AAN56096_1	NC_004347.2	3214128	3212818
AAN54456_1	NC_004347.2	1448282	1449613
AAN55183_1	NC_004347.2	2244830	2242230
AAN57434_1	NC_004347.2	4657490	4658647
AAN53592_1	NC_004347.2	536475	536017
AAN53916_1	NC_004347.2	856574	861127
AAN53299_1	NC_004347.2	224656	225615
AAN55771_1	NC_004347.2	2861907	2863859
AAN54397_1	NC_004347.2	1389122	1391356
AAN56939_1	NC_004347.2	4105187	4105462
AAN55277_1	NC_004347.2	2354951	2353248
AAN55278_1	NC_004347.2	2355238	2354981
AAN54678_1	NC_004347.2	1704118	1705617
AAN55276_1	NC_004347.2	2353176	2352667
AAN53361_1	NC_004347.2	281535	282317
AAN57216_1	NC_004347.2	4424442	4423105
AAN55319_1	NC_004347.2	2391579	2389861
AAN56260_1	NC_004347.2	3397807	3399552
AAN55318_1	NC_004347.2	2389861	2389367
AAN57314_1	NC_004347.2	4539501	4539241
AAN57315_1	NC_004347.2	4541156	4539498
AAN55929_1	NC_004347.2	3045852	3047051
AAN56600_2	NC_004347.2	3774217	3775392
AAN56259_1	NC_004347.2	3396935	3397807
AAN54734_1	NC_004347.2	1766174	1767331
AAN55429_1	NC_004347.2	2500732	2498975
AAN55523_1	NC_004347.2	2618055	2615776
AAN55566_1	NC_004347.2	2663390	2665837
AAN55793_1	NC_004347.2	2892849	2891059
AAN54796_1	NC_004347.2	1821613	1822662
AAN55803_1	NC_004347.2	2900924	2899965
AAN54435_1	NC_004347.2	1428214	1429272
AAN56932_1	NC_004347.2	4100179	4100739
AAN56933_1	NC_004347.2	4100726	4101277
AAN56934_1	NC_004347.2	4101274	4102005
AAN54434_1	NC_004347.2	1427105	1428217
AAN53514_1	NC_004347.2	455780	458377
AAN53695_1	NC_004347.2	643452	644669
AAN55804_1	NC_004347.2	2901962	2900934
AAN55261_1	NC_004347.2	2335487	2334900
AFV73537_1	NC_004347.2	1999027	2000934
AAN54770_1	NC_004347.2	1804402	1803809
AAN57490_1	NC_004347.2	4722946	4722092
AAN56553_1	NC_004347.2	3722591	3723832
AAN55833_2	NC_004347.2	2935220	2934471
AAN54305_1	NC_004347.2	1288467	1288036
AAN54867_1	NC_004347.2	1905660	1904746
AAN53160_1	NC_004347.2	84764	85627
AAN53897_1	NC_004347.2	836191	838161
AAN55293_1	NC_004347.2	2366459	2366731
AAN57690_1	NC_004347.2	4936578	4935583
AAN55643_1	NC_004347.2	2751367	2750357
AAN55644_1	NC_004347.2	2752173	2751364
AAN53691_1	NC_004347.2	637615	638190
AAN55262_1	NC_004347.2	2336918	2335515
AAN54190_1	NC_004347.2	1162552	1163841
AAN55068_1	NC_004347.2	2117463	2118107
AAN54923_2	NC_004347.2	1963917	1964852
AAN56759_1	NC_004347.2	3929306	3928722
AAN56990_1	NC_004347.2	4163015	4161672
AAN57281_1	NC_004347.2	4490431	4488017
AAN57431_1	NC_004347.2	4656024	4654069
AAN54282_1	NC_004347.2	1260899	1262197
AAN54283_1	NC_004347.2	1262531	1263382
AAN53277_1	NC_004347.2	200293	200844
AAN53546_1	NC_004347.2	487943	488350
AAN55030_1	NC_004347.2	2083548	2084261
AAN55482_1	NC_004347.2	2563857	2563327
AAN56878_1	NC_004347.2	4051323	4050721
AAN55062_2	NC_004347.2	2109290	2109841
AAN55647_1	NC_004347.2	2754555	2753440
AAN56707_1	NC_004347.2	3868674	3868057
AAN55663_1	NC_004347.2	2770489	2771859
AAN54326_1	NC_004347.2	1307690	1306434
AAN56912_1	NC_004347.2	4084057	4082762
AAN53104_2	NC_004347.2	22128	18940
AAN56496_1	NC_004347.2	3657675	3656539
AAN53503_1	NC_004347.2	435462	436007
AAN53678_1	NC_004347.2	625444	626835
AAN55290_1	NC_004347.2	2364237	2365265
AAN56794_1	NC_004347.2	3965552	3966937
AAN55936_1	NC_004347.2	3053395	3054285
AAN55649_1	NC_004347.2	2756945	2757901
AAN53210_1	NC_004347.2	132911	132351
AAN53647_1	NC_004347.2	588370	589113
AAN57335_1	NC_004347.2	4562501	4563352
AAN53360_1	NC_004347.2	280523	281503
AAN54166_1	NC_004347.2	1134405	1135697
AAN53524_1	NC_004347.2	471422	469791
AAN56546_1	NC_004347.2	3712939	3714036
AAN56545_1	NC_004347.2	3712448	3712939
AAN53508_1	NC_004347.2	443262	444689
AAN54981_1	NC_004347.2	2034325	2037144
AAN54982_1	NC_004347.2	2037193	2038380
AAN53906_1	NC_004347.2	849462	848098
AAN57004_1	NC_004347.2	4185016	4187868
AAN54917_1	NC_004347.2	1958105	1957197
AAN54853_1	NC_004347.2	1891966	1891181
AAN54856_1	NC_004347.2	1894866	1893835
AAN54857_2	NC_004347.2	1896491	1894866
AAN54855_1	NC_004347.2	1893848	1892958
AAN55258_1	NC_004347.2	2332700	2331690
AAN56263_1	NC_004347.2	3401483	3402721
AFV73544_1	NC_004347.2	2416088	2414973
AAN56891_1	NC_004347.2	4063370	4062294
AAN56072_1	NC_004347.2	3178632	3180119
AAN56532_1	NC_004347.2	3696070	3694604
AAN53934_1	NC_004347.2	881215	882573
AAN56336_1	NC_004347.2	3486697	3485684
AAN56464_1	NC_004347.2	3617291	3616038
AAN55514_1	NC_004347.2	2604447	2605661
AAN55508_1	NC_004347.2	2598206	2599276
AAN53079_1	NC_004349.1	153756	152605
AAN55101_1	NC_004347.2	2153863	2155002
AAN53975_1	NC_004347.2	928475	927435
AAN57445_1	NC_004347.2	4669479	4670999
AAN55421_1	NC_004347.2	2490511	2489756
AAN57124_1	NC_004347.2	4327144	4326140
AAN54554_1	NC_004347.2	1557950	1560259
AAN54454_1	NC_004347.2	1446735	1447529
AAN57171_1	NC_004347.2	4366799	4367554
AAN57169_1	NC_004347.2	4364890	4365375
AAN55479_1	NC_004347.2	2560705	2558540
AAN53952_1	NC_004347.2	905611	906903
AAN54131_1	NC_004347.2	1099964	1097331
AAN54185_1	NC_004347.2	1159786	1158326
AAN54433_1	NC_004347.2	1426849	1425341
AAN55304_1	NC_004347.2	2378954	2380168
AAN55630_1	NC_004347.2	2736193	2733644
AAN55200_2	NC_004347.2	2271905	2269785
AAN54378_1	NC_004347.2	1369657	1368548
AAN56033_1	NC_004347.2	3132204	3133247
AAN56031_1	NC_004347.2	3129861	3131585
AAN56627_1	NC_004347.2	3799919	3800743
AAN54065_1	NC_004347.2	1025576	1027078
AAN54357_1	NC_004347.2	1341951	1341340
AAN56462_1	NC_004347.2	3615324	3614179
AAN56428_1	NC_004347.2	3574612	3577182
AAN56478_1	NC_004347.2	3635431	3634283
AAN54117_1	NC_004347.2	1082966	1082232
AAN54745_1	NC_004347.2	1777151	1778743
AAN54115_1	NC_004347.2	1081553	1080828
AAN56782_1	NC_004347.2	3957777	3956839
AAN54922_1	NC_004347.2	1961798	1963711
AAN53364_1	NC_004347.2	284610	285977
AAN53363_1	NC_004347.2	283295	284518
AAN55881_1	NC_004347.2	2988885	2988265
AAN56078_1	NC_004347.2	3190127	3189111
AAN55162_2	NC_004347.2	2217837	2218868
AAN55455_1	NC_004347.2	2530906	2531919
AAN55792_1	NC_004347.2	2889321	2890985
AAN56175_1	NC_004347.2	3314281	3312350
AAN53615_1	NC_004347.2	554812	555831
AAN54823_2	NC_004347.2	1849383	1847734
AAN54366_1	NC_004347.2	1354341	1353322
AAN56412_1	NC_004347.2	3557682	3555214
AAN56424_1	NC_004347.2	3569748	3568492
AAN56960_1	NC_004347.2	4124424	4123069
AAN57029_1	NC_004347.2	4211238	4208845
AAN54406_1	NC_004347.2	1399008	1397395
AAN57384_1	NC_004347.2	4609216	4610559
AAN53996_2	NC_004347.2	951861	953183
AAN55384_1	NC_004347.2	2457432	2458625
AAN57311_2	NC_004347.2	4535524	4534391
AAN55887_2	NC_004347.2	2993223	2993573
AAN53614_1	NC_004347.2	554287	554802
AAN53696_1	NC_004347.2	644796	645815
AAN57114_1	NC_004347.2	4297611	4298342
AAN55121_1	NC_004347.2	2171929	2170955
AAN57706_1	NC_004347.2	4960024	4958633
AAN57708_1	NC_004347.2	4962512	4960971
AAN57711_1	NC_004347.2	4963837	4963586
AAN57712_1	NC_004347.2	4964702	4963908
AAN57705_1	NC_004347.2	4958596	4958168
AAN57707_1	NC_004347.2	4960920	4960060
AAN57709_1	NC_004347.2	4963060	4962527
AAN57710_1	NC_004347.2	4963547	4963077
AAN57713_1	NC_004347.2	4965098	4964715
AAN53225_1	NC_004347.2	145406	144153
AAN57467_2	NC_004347.2	4696155	4695259
AAN57681_1	NC_004347.2	4926421	4927014
AAN53278_1	NC_004347.2	200914	201726
AAN54710_2	NC_004347.2	1742698	1743504
AAN56432_2	NC_004347.2	3580662	3579913
AAN55768_1	NC_004347.2	2856766	2855714
AAN56900_1	NC_004347.2	4072225	4073304
AAN54943_1	NC_004347.2	1988588	1987932
AAN53553_1	NC_004347.2	495533	496612
AAN54074_1	NC_004347.2	1033837	1032740
AAN53439_1	NC_004347.2	362174	361224
AAN54112_1	NC_004347.2	1078725	1079348
AAN54211_1	NC_004347.2	1181757	1182917
AAN54212_1	NC_004347.2	1182945	1186169
AAN55092_1	NC_004347.2	2143238	2144422
AAN57440_1	NC_004347.2	4664247	4663357
AAN57557_2	NC_004347.2	4788301	4789785
AAN53601_1	NC_004347.2	541742	544969
AAN54976_1	NC_004347.2	2028892	2027828
AAN53228_1	NC_004347.2	149838	146605
AAN53426_1	NC_004347.2	346006	341459
AAN53509_1	NC_004347.2	444828	449303
AAN53936_2	NC_004347.2	888059	889075
AAN54277_1	NC_004347.2	1254625	1252571
AAN55400_1	NC_004347.2	2473887	2472310
AAN55571_1	NC_004347.2	2672085	2673410
AAN55878_1	NC_004347.2	2987332	2986127
AAN56484_1	NC_004347.2	3639831	3638563
AAN57670_1	NC_004347.2	4914274	4913090
AFV73607_1	NC_004347.2	4856027	4852482
AAN56813_1	NC_004347.2	3985666	3986520
AFV73535_1	NC_004347.2	1794803	1795777
AAN54551_1	NC_004347.2	1556397	1555249
AAN56585_2	NC_004347.2	3760847	3759969
AAN54427_1	NC_004347.2	1416838	1417977
AAN54432_1	NC_004347.2	1424970	1422955
AFV73571_1	NC_004347.2	3199563	3198469
AAN53218_1	NC_004347.2	140639	140070
AAN54367_1	NC_004347.2	1356284	1354560
AAN56879_1	NC_004347.2	4051565	4052872
AAN57651_1	NC_004347.2	4894617	4891483
AAN57652_1	NC_004347.2	4895775	4894627
AAN57671_1	NC_004347.2	4916075	4914681
AAN54992_1	NC_004347.2	2044484	2045431
AAN55824_1	NC_004347.2	2925375	2923570
AAN57683_1	NC_004347.2	4928861	4929844
AAN57416_1	NC_004347.2	4640027	4639548
AAN57417_2	NC_004347.2	4641154	4640141
AAN53125_1	NC_004347.2	42151	43059
AAN57484_1	NC_004347.2	4714414	4715751
AAN56357_1	NC_004347.2	3500979	3502136
AAN57689_1	NC_004347.2	4934137	4935513
AAN56928_1	NC_004347.2	4098074	4097256
AAN57612_1	NC_004347.2	4848024	4849037
AAN57613_2	NC_004347.2	4849100	4849924
AAN57614_1	NC_004347.2	4849929	4850780
AAN57615_1	NC_004347.2	4850808	4851872
AAN54060_2	NC_004347.2	1013819	1014970
AAN54977_1	NC_004347.2	2030463	2029177
AAN54462_1	NC_004347.2	1454269	1453832
AAN53108_1	NC_004347.2	26642	24492
AAN54735_1	NC_004347.2	1767384	1768157
AAN55170_1	NC_004347.2	2228058	2230022
AAN56883_1	NC_004347.2	4055192	4055929
AAN56438_1	NC_004347.2	3586641	3585001
AAN56465_1	NC_004347.2	3617482	3619149
AAN54472_1	NC_004347.2	1462467	1462775
AAN56111_1	NC_004347.2	3232567	3232965
AAN55395_1	NC_004347.2	2469236	2468268
AAN55397_1	NC_004347.2	2470050	2469424
AAN55398_1	NC_004347.2	2471499	2470063
AAN55396_1	NC_004347.2	2469412	2469236
AAN57566_1	NC_004347.2	4800722	4802263
AAN57567_1	NC_004347.2	4802278	4803870
AAN57568_1	NC_004347.2	4803872	4804453
AAN57569_1	NC_004347.2	4804450	4805325
AAN53686_1	NC_004347.2	633798	634388
AAN53687_1	NC_004347.2	634388	635602
AAN53688_1	NC_004347.2	635602	636297
AAN56760_1	NC_004347.2	3931085	3929334
AAN56761_1	NC_004347.2	3933022	3931082
AAN56836_1	NC_004347.2	4007694	4006897
AAN54864_1	NC_004347.2	1902202	1903395
AAN55029_1	NC_004347.2	2082503	2083495
AAN55233_1	NC_004347.2	2303315	2302116
AAN57380_1	NC_004347.2	4607752	4606616
AAN55919_1	NC_004347.2	3030748	3031716
AAN55222_1	NC_004347.2	2290449	2289448
AAN56283_1	NC_004347.2	3426132	3424993
AAN56284_1	NC_004347.2	3427704	3426148
AAN57120_1	NC_004347.2	4306195	4308279
AAN55813_1	NC_004347.2	2913787	2914677
AAN53887_1	NC_004347.2	823684	822728
AAN55646_1	NC_004347.2	2753428	2752790
AAN55437_1	NC_004347.2	2507555	2506863
AAN57036_1	NC_004347.2	4217749	4215467
AFV73526_1	NC_004347.2	1346973	1345723
AAN55245_2	NC_004347.2	2317868	2317497
AAN57278_1	NC_004347.2	4487342	4486098
AAN57277_1	NC_004347.2	4486027	4485200
AAN57586_2	NC_004347.2	4821466	4822257
AAN56420_1	NC_004347.2	3563018	3563482
AAN54689_2	NC_004347.2	1715433	1716290
AAN53229_1	NC_004347.2	150855	150202
AAN56460_1	NC_004347.2	3613448	3612345
AAN55645_1	NC_004347.2	2752760	2752179
AAN57203_1	NC_004347.2	4409895	4408582
AAN53832_1	NC_004347.2	772996	771938
AAN54426_1	NC_004347.2	1415684	1416775
AAN55674_1	NC_004347.2	2783357	2784421
AAN53284_1	NC_004347.2	208346	207240
AAN53446_1	NC_004347.2	371363	370740
AAN53636_1	NC_004347.2	576514	574760
AAN53649_1	NC_004347.2	590592	589618
AAN54541_1	NC_004347.2	1542162	1543952
AAN54627_1	NC_004347.2	1645942	1647609
AAN54701_1	NC_004347.2	1732202	1731312
AAN55218_1	NC_004347.2	2285980	2285018
AAN55468_1	NC_004347.2	2546339	2543526
AAN56740_1	NC_004347.2	3907297	3906323
AAN57189_1	NC_004347.2	4391578	4390790
AAN57374_1	NC_004347.2	4599750	4600784
AAN57391_2	NC_004347.2	4615936	4617114
AAN57422_1	NC_004347.2	4648052	4646595
AAN56095_2	NC_004347.2	3212812	3210695
AAN54722_1	NC_004347.2	1754360	1754698
AAN57313_1	NC_004347.2	4539162	4537303
AAN54210_2	NC_004347.2	1180777	1181589
AAN54931_1	NC_004347.2	1974641	1975525
AAN56632_1	NC_004347.2	3804418	3803936
AAN53848_1	NC_004347.2	785080	785799
AAN56076_1	NC_004347.2	3184643	3183348
AAN54961_1	NC_004347.2	2009226	2008351
AAN56784_1	NC_004347.2	3959218	3958559
AAN54359_1	NC_004347.2	1342606	1343109
AAN55622_1	NC_004347.2	2720812	2719793
AAN54064_1	NC_004347.2	1023977	1022286
AAN56148_2	NC_004347.2	3283335	3286409
AAN56679_1	NC_004347.2	3846019	3847050
AAN56699_1	NC_004347.2	3862816	3863469
AAN54268_1	NC_004347.2	1241973	1242806
AAN53372_1	NC_004347.2	294361	295440
AAN53593_1	NC_004347.2	536953	536513
AAN53903_1	NC_004347.2	845805	844168
AAN54583_1	NC_004347.2	1598735	1597092
AAN54587_1	NC_004347.2	1603956	1603075
AAN55436_1	NC_004347.2	2506760	2505093
AAN56520_1	NC_004347.2	3684872	3683916
AAN57551_1	NC_004347.2	4785932	4785369
AAN54396_1	NC_004347.2	1388574	1389098
AAN55393_1	NC_004347.2	2467655	2465256
AAN57212_1	NC_004347.2	4420621	4418798
AAN53493_1	NC_004347.2	427136	426744
AAN53496_1	NC_004347.2	428838	428221
AAN56797_1	NC_004347.2	3968054	3969037
AAN57317_1	NC_004347.2	4543228	4541750
AAN54285_1	NC_004347.2	1263796	1264566
AAN55642_1	NC_004347.2	2750360	2749731
AAN56142_1	NC_004347.2	3273605	3273027
AAN54286_1	NC_004347.2	1264751	1266082
AAN54289_1	NC_004347.2	1267398	1268108
AAN57221_1	NC_004347.2	4427312	4427770
AAN54690_1	NC_004347.2	1716295	1717485
AAN54586_1	NC_004347.2	1603053	1601185
AAN53619_1	NC_004347.2	557305	558318
AAN54005_1	NC_004347.2	961738	962754
AAN55517_1	NC_004347.2	2608549	2607908
AAN55518_1	NC_004347.2	2610395	2608569
AAN56729_1	NC_004347.2	3891560	3892486
AAN55135_1	NC_004347.2	2184643	2185581
AAN56437_2	NC_004347.2	3584787	3583492
AAN54963_1	NC_004347.2	2010602	2011468
AAN55797_1	NC_004347.2	2895670	2895191
AAN55022_1	NC_004347.2	2075394	2077130
AAN55611_1	NC_004347.2	2709562	2707889
AAN56649_1	NC_004347.2	3816569	3818167
AAN54798_1	NC_004347.2	1823775	1825619
AAN53162_2	NC_004347.2	87060	88853
AAN53440_1	NC_004347.2	364009	362345
AAN53585_1	NC_004347.2	531548	530850
AAN56721_1	NC_004347.2	3884566	3882743
AAN56720_1	NC_004347.2	3882667	3880970
AAN54658_1	NC_004347.2	1686161	1678566
AAN54007_1	NC_004347.2	964251	965318
AAN56965_1	NC_004347.2	4129628	4130605
AAN55069_2	NC_004347.2	2118229	2119233
AAN53194_1	NC_004347.2	117784	118620
AAN54062_1	NC_004347.2	1021146	1016860
AAN53189_1	NC_004347.2	111719	112633
AAN53191_1	NC_004347.2	113271	114179
AAN57475_1	NC_004347.2	4704006	4705034
AAN53188_1	NC_004347.2	108702	111716
AAN53190_1	NC_004347.2	112630	113271
AAN57473_1	NC_004347.2	4700484	4703333
AAN53818_1	NC_004347.2	760520	759471
AAN54836_1	NC_004347.2	1869644	1869883
AAN54837_1	NC_004347.2	1869876	1872170
AAN54255_1	NC_004347.2	1228240	1229331
AAN54107_1	NC_004347.2	1072961	1074103
AAN56659_1	NC_004347.2	3827021	3828037
AAN53819_1	NC_004347.2	762151	760517
AAN53820_1	NC_004347.2	763292	762285
AAN56660_2	NC_004347.2	3828049	3828867
AAN55778_1	NC_004347.2	2872004	2871570
AAN55779_1	NC_004347.2	2872690	2872004
AAN57525_1	NC_004347.2	4760834	4761445
AAN53891_1	NC_004347.2	827154	829115
AAN55556_1	NC_004347.2	2653091	2654692
AAN57119_1	NC_004347.2	4304543	4306192
AAN54637_1	NC_004347.2	1656636	1658849
AAN54880_1	NC_004347.2	1920585	1921208
AFV73601_1	NC_004347.2	4613049	4615223
AAN54106_2	NC_004347.2	1072020	1072964
AAN56046_1	NC_004347.2	3146465	3147550
AAN54226_1	NC_004347.2	1199203	1201350
AAN57271_2	NC_004347.2	4480850	4481596
AAN57170_2	NC_004347.2	4365505	4366557
AAN56572_1	NC_004347.2	3751760	3752374
AAN53823_1	NC_004347.2	765345	764596
AAN53937_1	NC_004347.2	890139	889183
AAN54209_1	NC_004347.2	1180087	1180704
AAN55364_1	NC_004347.2	2440299	2439772
AAN56524_1	NC_004347.2	3689605	3688670
AAN56390_1	NC_004347.2	3534530	3533463
AAN53850_1	NC_004347.2	787500	786826
AAN55925_1	NC_004347.2	3041130	3040156
AAN53479_1	NC_004347.2	409685	410410
AAN53481_1	NC_004347.2	411380	413386
AAN53482_1	NC_004347.2	413386	414117
AAN56937_1	NC_004347.2	4103906	4104349
AAN54679_2	NC_004347.2	1705712	1706587
AAN53641_1	NC_004347.2	580495	582207
AAN55263_1	NC_004347.2	2337041	2338591
AAN57704_1	NC_004347.2	4957997	4956633
AAN56186_1	NC_004347.2	3325461	3324547
AAN54365_1	NC_004347.2	1353295	1352003
AAN55300_1	NC_004347.2	2376312	2375509
AAN57562_1	NC_004347.2	4799026	4796597
AAN56787_1	NC_004347.2	3961792	3960929
AAN54052_1	NC_004347.2	1008246	1009421
AAN53140_1	NC_004347.2	58582	59598
AAN54192_1	NC_004347.2	1165149	1166426
AAN55520_1	NC_004347.2	2612588	2611116
AAN56538_1	NC_004347.2	3704087	3705724
AAN53772_1	NC_004347.2	712062	710917
AAN53771_1	NC_004347.2	710776	709745
AAN57638_1	NC_004347.2	4877651	4878736
AAN56494_1	NC_004347.2	3654872	3653565
AAN54720_1	NC_004347.2	1753136	1752228
AAN55379_1	NC_004347.2	2453807	2452797
AAN55381_1	NC_004347.2	2455116	2456549
AAN55787_1	NC_004347.2	2883819	2884463
AAN56177_1	NC_004347.2	3316195	3315434
AAN53444_1	NC_004347.2	370359	368254
AAN56448_1	NC_004347.2	3600306	3598099
AAN56497_1	NC_004347.2	3658718	3657720
AAN57700_1	NC_004347.2	4953204	4951375
AAN54335_1	NC_004347.2	1314364	1315125
AAN54342_1	NC_004347.2	1322755	1324041
AAN54336_1	NC_004347.2	1315127	1316482
AAN54555_2	NC_004347.2	1560276	1562513
AAN54825_1	NC_004347.2	1852191	1850833
AAN54984_1	NC_004347.2	2039664	2040536
AAN54557_1	NC_004347.2	1564765	1567278
AAN54560_1	NC_004347.2	1568713	1570317
AAN54556_1	NC_004347.2	1562510	1564762
AAN54559_1	NC_004347.2	1567398	1568660
AAN56676_1	NC_004347.2	3843891	3843151
AAN57377_1	NC_004347.2	4603662	4605071
AAN54191_1	NC_004347.2	1164018	1165136
AAN54116_1	NC_004347.2	1082226	1081546
AAN56550_2	NC_004347.2	3718649	3717000
AAN55623_1	NC_004347.2	2725719	2720875
AAN56363_1	NC_004347.2	3509392	3508478
AAN56073_1	NC_004347.2	3181729	3180215
AAN53293_1	NC_004347.2	214812	215633
AAN53826_1	NC_004347.2	766858	768348
AAN54389_1	NC_004347.2	1378342	1376936
AAN54390_1	NC_004347.2	1382797	1378349
AAN55937_1	NC_004347.2	3054832	3056055
AAN56811_1	NC_004347.2	3984765	3983515
AAN53949_1	NC_004347.2	903997	903098
AFV73573_1	NC_004347.2	3261194	3259785
AAN57633_1	NC_004347.2	4873190	4871997
AAN54824_1	NC_004347.2	1850774	1849620
AAN53857_1	NC_004347.2	793528	796416
AAN53856_1	NC_004347.2	793016	793405
AAN53855_1	NC_004347.2	791896	792990
AAN55671_1	NC_004347.2	2779767	2776726
AAN57202_1	NC_004347.2	4406945	4405461
AAN55593_1	NC_004347.2	2692501	2693304
AAN55091_1	NC_004347.2	2142608	2142198
AAN56728_1	NC_004347.2	3891457	3890027
AAN55867_1	NC_004347.2	2975651	2975088
AAN56290_1	NC_004347.2	3437259	3435682
AAN54953_1	NC_004347.2	2002048	2003574
AAN53667_1	NC_004347.2	613104	612382
AAN55773_1	NC_004347.2	2865901	2866161
AAN55896_2	NC_004347.2	3001247	3000915
AAN55070_1	NC_004347.2	2119426	2120730
AAN57661_1	NC_004347.2	4903735	4905090
AAN54620_1	NC_004347.2	1642076	1641588
AAN56347_1	NC_004347.2	3494705	3494172
AAN54905_1	NC_004347.2	1943243	1945165
AAN55003_1	NC_004347.2	2059562	2057823
AAN53907_1	NC_004347.2	850482	849535
AAN57225_1	NC_004347.2	4430786	4431436
AAN55847_1	NC_004347.2	2949610	2948999
AAN55229_1	NC_004347.2	2296475	2294919
AAN53883_1	NC_004347.2	819811	820377
AAN56783_1	NC_004347.2	3958551	3958021
AAN54372_2	NC_004347.2	1359309	1358614
AAN53038_1	NC_004349.1	99407	100435
AAN56536_2	NC_004347.2	3701768	3702865
AAN53550_1	NC_004347.2	493080	493940
AAN55505_1	NC_004347.2	2596051	2596656
AAN55250_1	NC_004347.2	2320087	2320602
AAN57574_1	NC_004347.2	4808063	4808965
AAN57637_1	NC_004347.2	4876555	4877598
AAN57423_1	NC_004347.2	4649200	4648361
AAN54642_1	NC_004347.2	1661676	1662302
AAN54737_1	NC_004347.2	1769392	1770294
AAN53185_1	NC_004347.2	106535	108076
AAN56066_2	NC_004347.2	3170957	3169320
AAN57342_1	NC_004347.2	4567938	4569503
AAN55120_1	NC_004347.2	2170951	2169635
AAN55118_1	NC_004347.2	2168314	2167223
AAN57282_1	NC_004347.2	4490633	4491565
AAN54945_1	NC_004347.2	1990428	1989481
AAN55915_1	NC_004347.2	3024661	3025440
AAN53209_1	NC_004347.2	132324	131701
AAN54747_1	NC_004347.2	1780321	1779416
AAN55005_1	NC_004347.2	2061670	2061047
AAN55796_1	NC_004347.2	2894907	2894032
AAN53947_1	NC_004347.2	901507	901019
AAN56617_1	NC_004347.2	3790302	3789346
AAN54731_1	NC_004347.2	1761813	1762754
AAN55119_1	NC_004347.2	2169572	2168397
AAN56060_1	NC_004347.2	3164250	3163237
AAN55137_1	NC_004347.2	2187042	2186023
AAN55143_1	NC_004347.2	2194461	2193883
AAN55144_1	NC_004347.2	2195143	2194469
AAN55145_1	NC_004347.2	2196868	2195165
AAN55146_1	NC_004347.2	2198008	2196872
AAN56895_1	NC_004347.2	4067815	4069047
AAN56896_1	NC_004347.2	4069060	4069380
AAN55788_1	NC_004347.2	2884604	2885350
AAN55305_1	NC_004347.2	2380206	2380589
AAN57280_2	NC_004347.2	4487647	4487976
AAN55306_1	NC_004347.2	2380604	2380927
AAN54598_1	NC_004347.2	1612938	1611931
AAN55658_1	NC_004347.2	2766751	2764526
AAN57672_1	NC_004347.2	4916557	4917915
AAN54545_1	NC_004347.2	1551062	1552384
AAN55115_1	NC_004347.2	2165589	2164816
AAN55117_1	NC_004347.2	2167078	2166413
AAN56034_2	NC_004347.2	3133253	3134749
AAN55666_1	NC_004347.2	2773988	2775022
AAN54023_2	NC_004347.2	984996	986399
AAN53425_1	NC_004347.2	340327	341418
AAN53881_2	NC_004347.2	817456	817031
AAN55269_1	NC_004347.2	2345119	2345535
AAN55872_1	NC_004347.2	2981396	2979534
AAN56291_1	NC_004347.2	3438842	3437376
AAN57561_2	NC_004347.2	4796604	4795348
AAN56125_1	NC_004347.2	3247388	3248767
AAN57206_1	NC_004347.2	4413574	4412480
AAN57204_1	NC_004347.2	4411031	4410426
AAN57205_1	NC_004347.2	4412480	4411056
AAN57207_1	NC_004347.2	4415194	4413626
AAN53182_1	NC_004347.2	103759	102533
AAN56650_1	NC_004347.2	3820012	3818225
AAN57340_1	NC_004347.2	4565750	4566124
AAN55917_2	NC_004347.2	3029249	3028128
AAN54732_1	NC_004347.2	1763185	1764375
AAN55509_1	NC_004347.2	2599359	2600096
AAN56931_1	NC_004347.2	4099631	4100182
AAN56804_1	NC_004347.2	3978231	3977383
AAN56749_1	NC_004347.2	3916690	3917514
AAN53026_1	NC_004349.1	77038	77433
AAN53116_1	NC_004347.2	35114	33705
AAN54854_1	NC_004347.2	1892954	1891947
AAN56174_1	NC_004347.2	3312353	3311220
AAN53111_1	NC_004347.2	29095	30555
AAN53115_1	NC_004347.2	33693	32251
AAN54702_1	NC_004347.2	1732374	1734320
AAN57250_1	NC_004347.2	4460590	4461234
AAN53144_1	NC_004347.2	65659	64298
AAN53773_1	NC_004347.2	714020	712377
AAN54542_1	NC_004347.2	1544162	1545931
AAN55320_1	NC_004347.2	2393253	2392030
AAN55407_1	NC_004347.2	2479015	2477744
AAN57649_1	NC_004347.2	4889112	4890836
AAN54345_1	NC_004347.2	1328523	1326973
AAN54042_1	NC_004347.2	1001289	1000300
AAN54582_2	NC_004347.2	1597025	1594221
AAN55199_1	NC_004347.2	2269667	2269284
AAN54232_2	NC_004347.2	1205888	1205235
AAN54231_1	NC_004347.2	1205238	1204273
AAN54580_1	NC_004347.2	1593165	1591771
AAN54581_1	NC_004347.2	1593919	1593176
AAN54697_1	NC_004347.2	1724406	1725563
AAN57692_1	NC_004347.2	4938687	4939676
AAN55942_2	NC_004347.2	3060369	3060968
AAN53611_1	NC_004347.2	552804	553415
AAN54544_1	NC_004347.2	1549278	1550927
AAN57665_1	NC_004347.2	4908900	4909463
AAN55255_1	NC_004347.2	2324801	2326423
AAN53421_1	NC_004347.2	337351	338874
AAN56620_1	NC_004347.2	3792618	3791938
AAN53430_1	NC_004347.2	352467	351589
AAN53429_1	NC_004347.2	351354	350227
AAN55802_1	NC_004347.2	2899860	2898934
AAN53365_1	NC_004347.2	288571	286052
AAN53711_1	NC_004347.2	660660	662966
AAN54238_1	NC_004347.2	1212558	1210702
AAN57197_1	NC_004347.2	4402465	4400714
AAN54234_2	NC_004347.2	1207544	1206369
AAN55428_1	NC_004347.2	2497391	2498914
AAN54072_1	NC_004347.2	1029977	1030942
AAN53846_1	NC_004347.2	783464	784399
AAN57332_2	NC_004347.2	4558250	4560325
AAN56831_1	NC_004347.2	4000797	4002485
AAN57091_1	NC_004347.2	4278556	4277312
AAN56310_1	NC_004347.2	3464912	3463797
AAN56434_1	NC_004347.2	3582279	3581800
AAN56435_1	NC_004347.2	3583081	3582332
AAN57545_1	NC_004347.2	4780989	4780288
AAN54003_1	NC_004347.2	959137	957986
AAN53894_1	NC_004347.2	831266	833548
AAN54103_1	NC_004347.2	1070536	1066802
AAN53489_1	NC_004347.2	423577	423251
AAN53534_1	NC_004347.2	479332	478910
AAN55371_1	NC_004347.2	2444899	2444420
AAN55618_1	NC_004347.2	2716416	2715511
AAN54215_1	NC_004347.2	1190088	1188715
AAN53428_1	NC_004347.2	350146	347543
AAN53135_2	NC_004347.2	55588	54455
AAN54379_2	NC_004347.2	1371075	1369678
AAN55454_1	NC_004347.2	2528951	2530795
AAN55885_1	NC_004347.2	2991621	2993090
AAN57184_1	NC_004347.2	4386771	4385872
AFV73604_1	NC_004347.2	4732167	4730689
AFV73605_1	NC_004347.2	4733495	4732164
AAN54236_1	NC_004347.2	1209585	1208521
AAN55087_1	NC_004347.2	2138358	2136433
AAN55594_1	NC_004347.2	2693555	2695102
AAN56286_2	NC_004347.2	3433106	3434542
AAN57619_1	NC_004347.2	4860199	4859480
AAN54733_1	NC_004347.2	1764512	1766011
AAN53804_2	NC_004347.2	740917	742434
AAN57415_1	NC_004347.2	4639528	4639277
AAN57635_1	NC_004347.2	4874424	4875698
AAN57466_1	NC_004347.2	4695201	4694296
AFV73536_1	NC_004347.2	1889487	1889275
AAN57411_1	NC_004347.2	4637315	4636212
AAN56941_2	NC_004347.2	4107936	4107106
AAN57412_1	NC_004347.2	4637976	4637296
AAN56586_1	NC_004347.2	3761068	3762075
AAN56587_1	NC_004347.2	3762251	3763096
AAN56589_1	NC_004347.2	3763972	3765102
AAN56588_1	NC_004347.2	3763106	3763975
AAN56839_2	NC_004347.2	4010039	4010824
AAN56840_1	NC_004347.2	4010824	4011561
AAN56841_1	NC_004347.2	4011555	4012640
AAN53946_1	NC_004347.2	900962	900168
AAN53152_1	NC_004347.2	71133	71666
AAN53154_1	NC_004347.2	78056	80338
AAN56525_1	NC_004347.2	3691230	3689671
AAN56718_1	NC_004347.2	3879504	3878728
AAN57414_1	NC_004347.2	4639275	4638808
AAN53224_1	NC_004347.2	144141	143380
AAN54845_1	NC_004347.2	1879664	1878810
AAN57028_1	NC_004347.2	4208608	4207715
AAN54428_1	NC_004347.2	1418194	1419858
AAN53156_1	NC_004347.2	81805	80666
AAN53157_1	NC_004347.2	82637	81903
AAN55912_1	NC_004347.2	3019823	3017754
AAN56508_1	NC_004347.2	3672657	3671368
AAN54082_1	NC_004347.2	1046743	1045280
AAN54083_1	NC_004347.2	1048284	1046740
AAN54084_1	NC_004347.2	1050230	1048383
AAN54085_1	NC_004347.2	1050535	1050227
AAN54086_1	NC_004347.2	1051083	1050532
AAN54087_1	NC_004347.2	1051636	1051094
AAN54088_1	NC_004347.2	1052613	1051645
AAN54089_1	NC_004347.2	1055339	1052610
AAN54090_1	NC_004347.2	1056766	1055381
AAN54091_1	NC_004347.2	1057305	1056763
AAN54092_1	NC_004347.2	1059192	1057387
AAN54093_1	NC_004347.2	1059870	1059196
AAN54094_1	NC_004347.2	1060304	1059900
AAN54174_1	NC_004347.2	1146235	1147569
AAN54175_1	NC_004347.2	1147569	1148768
AAN54176_1	NC_004347.2	1148761	1149549
AAN54177_1	NC_004347.2	1149549	1150181
AAN54178_1	NC_004347.2	1150187	1150795
AAN54179_1	NC_004347.2	1150842	1152098
AAN54584_2	NC_004347.2	1600347	1599469
AAN53484_1	NC_004347.2	415475	414462
AAN57264_1	NC_004347.2	4473900	4474451
AAN55071_1	NC_004347.2	2120955	2121785
AAN56723_1	NC_004347.2	3884983	3886509
AAN56724_1	NC_004347.2	3886521	3887930
AAN54158_1	NC_004347.2	1127725	1126388
AAN56730_1	NC_004347.2	3894444	3892720
AAN55783_1	NC_004347.2	2878839	2880158
AAN55902_1	NC_004347.2	3008484	3010085
AAN54401_1	NC_004347.2	1393981	1395150
AAN54431_1	NC_004347.2	1421556	1422860
AAN55567_1	NC_004347.2	2667985	2665976
AAN55314_1	NC_004347.2	2386979	2387410
AAN53836_2	NC_004347.2	776257	775007
AAN54983_1	NC_004347.2	2038498	2039664
AAN56210_2	NC_004347.2	3351747	3350866
AAN54241_1	NC_004347.2	1214167	1213529
AAN55741_1	NC_004347.2	2832125	2831460
AAN55032_1	NC_004347.2	2085534	2087006
AAN57550_1	NC_004347.2	4784773	4785306
AFV73510_1	NC_004347.2	435168	434287
AAN53924_1	NC_004347.2	871508	869028
AAN53922_2	NC_004347.2	868245	867241
AAN53923_1	NC_004347.2	868976	868242
AAN55430_1	NC_004347.2	2501496	2500954
AAN57698_1	NC_004347.2	4950021	4950923
AAN53457_1	NC_004347.2	385041	385745
AAN55052_1	NC_004347.2	2099991	2101700
AAN55515_1	NC_004347.2	2605883	2606470
AAN56315_1	NC_004347.2	3469352	3471103
AAN53669_1	NC_004347.2	619310	618246
AAN54196_1	NC_004347.2	1168750	1170669
AAN54267_2	NC_004347.2	1239855	1241813
AAN55308_1	NC_004347.2	2381535	2383397
AAN53991_1	NC_004347.2	946103	945564
AAN56439_2	NC_004347.2	3587696	3586758
AAN56356_1	NC_004347.2	3500362	3500979
AAN55516_1	NC_004347.2	2606496	2607821
AFV73558_1	NC_004347.2	2878469	2877864
AAN56954_1	NC_004347.2	4117616	4116213
AAN57035_1	NC_004347.2	4215454	4214888
AAN57529_1	NC_004347.2	4764664	4763723
AAN54835_2	NC_004347.2	1869218	1868253
AAN55375_1	NC_004347.2	2448544	2450151
AAN55442_1	NC_004347.2	2512628	2513488
AAN55926_1	NC_004347.2	3042165	3044447
AAN55927_1	NC_004347.2	3044511	3045251
AAN53362_1	NC_004347.2	282330	283235
AAN56196_1	NC_004347.2	3339544	3338759
AAN54944_1	NC_004347.2	1989399	1988695
AAN56639_2	NC_004347.2	3807908	3808903
AAN55444_2	NC_004347.2	2515776	2514679
AAN55432_1	NC_004347.2	2503130	2502435
AAN53587_1	NC_004347.2	533939	532473
AAN57173_1	NC_004347.2	4368171	4369820
AAN53399_1	NC_004347.2	322387	320225
AAN57109_1	NC_004347.2	4293865	4292690
AAN57226_1	NC_004347.2	4432172	4431525
AAN57533_1	NC_004347.2	4766996	4768717
AAN55504_1	NC_004347.2	2595049	2595882
AAN54343_1	NC_004347.2	1324098	1325546
AAN54703_2	NC_004347.2	1734646	1734437
AAN56755_1	NC_004347.2	3922308	3925487
AAN56352_1	NC_004347.2	3498009	3498827
AAN54429_2	NC_004347.2	1419940	1421052
AAN53945_1	NC_004347.2	900091	899246
AAN57303_1	NC_004347.2	4527632	4528414
AAN57194_1	NC_004347.2	4397856	4396774
AAN56719_2	NC_004347.2	3880977	3880180
AAN55538_1	NC_004347.2	2633596	2635500
AAN56646_1	NC_004347.2	3812861	3814327
AAN53506_1	NC_004347.2	438400	441066
AAN53507_1	NC_004347.2	441079	443112
AAN55911_1	NC_004347.2	3017572	3016934
AAN54416_1	NC_004347.2	1407465	1408202
AAN56624_1	NC_004347.2	3797657	3798643
AAN57287_1	NC_004347.2	4503573	4505753
AAN53249_1	NC_004347.2	169611	168070
AAN56079_1	NC_004347.2	3191260	3190130
AAN55095_1	NC_004347.2	2147449	2149074
AAN54269_1	NC_004347.2	1242880	1244217
AAN55370_1	NC_004347.2	2442657	2444309
AAN53938_1	NC_004347.2	891503	890274
AAN54006_1	NC_004347.2	962888	964063
AAN55519_1	NC_004347.2	2611106	2610408
AAN53378_1	NC_004347.2	299282	299965
AAN53513_1	NC_004347.2	455358	454705
AAN55448_1	NC_004347.2	2519739	2520428
AAN53136_1	NC_004347.2	57143	55599
AAN53919_1	NC_004347.2	866390	865509
AAN56456_1	NC_004347.2	3610274	3609780
AAN54914_1	NC_004347.2	1954435	1954983
AAN55839_1	NC_004347.2	2942461	2944143
AAN55840_1	NC_004347.2	2944140	2944850
AAN56383_1	NC_004347.2	3524562	3523525
AAN56828_2	NC_004347.2	3998720	3999190
AAN53346_1	NC_004347.2	261968	261222
AAN53347_1	NC_004347.2	262656	261970
AAN53348_1	NC_004347.2	263318	262668
AAN56117_1	NC_004347.2	3241344	3239494
AAN56118_1	NC_004347.2	3241694	3241362
AAN56119_1	NC_004347.2	3242845	3241721
AAN53344_1	NC_004347.2	261025	260540
AAN53345_1	NC_004347.2	261222	261022
AAN55322_1	NC_004347.2	2397117	2395759
AAN54721_1	NC_004347.2	1753460	1754275
AAN57258_1	NC_004347.2	4469195	4468446
AAN57261_1	NC_004347.2	4471867	4471058
AAN57259_2	NC_004347.2	4470101	4469238
AAN57260_2	NC_004347.2	4471009	4470104
AAN54125_1	NC_004347.2	1089652	1091121
AAN56752_2	NC_004347.2	3920001	3921290
AAN54617_1	NC_004347.2	1636780	1637751
AAN54777_2	NC_004347.2	1808380	1810638
AAN54778_1	NC_004347.2	1810698	1812356
AAN54779_2	NC_004347.2	1812390	1813208
AAN54809_1	NC_004347.2	1836275	1837996
AAN53300_1	NC_004347.2	226568	225618
AAN57162_1	NC_004347.2	4358925	4359845
AAN55617_1	NC_004347.2	2713796	2714797
AAN57180_1	NC_004347.2	4374600	4375610
AAN53359_2	NC_004347.2	279848	277179
AAN57220_2	NC_004347.2	4426082	4427311
AAN54948_1	NC_004347.2	1995034	1993427
AAN54287_1	NC_004347.2	1266092	1267306
AAN53114_1	NC_004347.2	31655	32209
AAN56809_1	NC_004347.2	3982406	3981546
AAN53112_1	NC_004347.2	30557	31081
AAN55672_1	NC_004347.2	2782236	2779867
AAN53523_1	NC_004347.2	469728	468430
AAN55786_2	NC_004347.2	2882782	2883819
AAN55114_1	NC_004347.2	2164733	2164098
AAN57040_1	NC_004347.2	4219702	4220805
AAN57470_1	NC_004347.2	4697742	4699418
AAN54656_1	NC_004347.2	1676206	1670315
AAN56285_1	NC_004347.2	3432825	3428944
AAN55116_1	NC_004347.2	2166308	2165571
AAN55010_1	NC_004347.2	2065016	2065927
AAN55298_2	NC_004347.2	2373432	2374169
AAN55031_1	NC_004347.2	2084618	2085523
AAN56814_1	NC_004347.2	3986633	3987580
AAN55438_1	NC_004347.2	2509019	2507739
AFV73516_1	NC_004347.2	618173	617295
AAN53264_1	NC_004347.2	183596	182934
AAN54291_2	NC_004347.2	1269579	1270571
AAN55424_1	NC_004347.2	2495187	2493874
AAN56564_1	NC_004347.2	3741501	3740692
AAN55930_1	NC_004347.2	3047173	3049326
AAN57643_1	NC_004347.2	4882678	4883169
AAN54340_1	NC_004347.2	1320801	1321706
AAN54341_1	NC_004347.2	1321703	1322518
AAN54338_1	NC_004347.2	1318405	1319508
AAN54339_1	NC_004347.2	1319668	1320804
AAN56490_1	NC_004347.2	3647928	3649268
AAN53398_1	NC_004347.2	320141	318822
AAN57055_1	NC_004347.2	4237834	4236503
AAN55522_1	NC_004347.2	2613939	2615378
AAN57106_1	NC_004347.2	4290575	4289817
AAN53718_1	NC_004347.2	668165	669163
AAN55376_1	NC_004347.2	2450286	2451359
AAN55336_1	NC_004347.2	2408814	2409434
AAN56459_1	NC_004347.2	3612204	3611728
AAN56461_1	NC_004347.2	3614171	3613515
AAN53886_1	NC_004347.2	822707	821796
AAN54172_1	NC_004347.2	1143140	1143649
AAN55284_2	NC_004347.2	2359153	2360193
AAN55449_1	NC_004347.2	2520880	2523168
AAN55450_1	NC_004347.2	2523229	2524359
AAN55539_1	NC_004347.2	2635626	2636204
AAN55540_1	NC_004347.2	2636205	2636786
AAN55541_1	NC_004347.2	2636790	2639162
AAN55542_1	NC_004347.2	2639228	2640277
AAN55543_1	NC_004347.2	2640332	2640970
AAN55544_1	NC_004347.2	2640963	2641661
AAN53877_1	NC_004347.2	814341	813427
AAN55850_1	NC_004347.2	2953049	2950932
AAN55849_1	NC_004347.2	2950816	2950355
AAN53377_1	NC_004347.2	298605	299282
AAN54220_1	NC_004347.2	1194801	1194142
AAN56771_1	NC_004347.2	3941722	3942165
AAN56770_1	NC_004347.2	3940300	3941670
AAN53383_1	NC_004347.2	304199	303606
AAN55521_1	NC_004347.2	2612899	2613753
AAN55734_1	NC_004347.2	2825951	2827285
AAN56710_2	NC_004347.2	3870666	3869209
AAN56711_1	NC_004347.2	3871732	3870824
AAN53314_1	NC_004347.2	244056	245240
AAN53252_1	NC_004347.2	171349	172275
AAN53254_1	NC_004347.2	174411	175976
AAN53256_1	NC_004347.2	177278	177712
AAN57487_2	NC_004347.2	4719119	4717128
AAN54663_1	NC_004347.2	1691571	1692515
AAN55502_1	NC_004347.2	2593061	2594215
AAN57312_1	NC_004347.2	4537301	4535664
AAN55302_1	NC_004347.2	2377239	2378060
AFV73576_1	NC_004347.2	3318968	3318435
AAN55288_1	NC_004347.2	2363852	2362476
AAN53993_1	NC_004347.2	949384	950676
AAN56127_1	NC_004347.2	3250659	3249433
AAN53076_1	NC_004349.1	148896	148057
AAN55102_1	NC_004347.2	2155141	2155980
AAN55372_1	NC_004347.2	2445178	2446212
AAN53697_1	NC_004347.2	645825	647288
AAN57534_1	NC_004347.2	4768717	4769517
AAN56712_1	NC_004347.2	3872643	3871813
AAN53127_1	NC_004347.2	43716	44579
AAN53371_1	NC_004347.2	293840	294355
AAN57030_1	NC_004347.2	4212431	4211250
AAN56224_1	NC_004347.2	3364630	3363293
AAN56544_1	NC_004347.2	3710419	3712185
AAN53075_1	NC_004349.1	147817	147491
AAN56744_1	NC_004347.2	3912387	3914111
AAN57536_2	NC_004347.2	4770700	4772145
AAN57535_1	NC_004347.2	4769568	4770692
AAN54762_1	NC_004347.2	1797199	1798485
AAN56138_1	NC_004347.2	3263023	3264042
AAN54978_1	NC_004347.2	2030880	2031275
AAN54979_1	NC_004347.2	2031617	2033383
AAN54980_1	NC_004347.2	2033398	2034105
AFV73538_1	NC_004347.2	2031269	2031616
AAN55326_1	NC_004347.2	2400456	2402213
AAN54677_1	NC_004347.2	1703702	1704166
AAN56537_1	NC_004347.2	3703110	3704066
AAN56160_1	NC_004347.2	3298090	3297551
AAN54708_1	NC_004347.2	1741413	1742399
AAN56167_1	NC_004347.2	3303697	3302666
AAN56171_1	NC_004347.2	3309564	3307624
AAN56188_1	NC_004347.2	3327043	3325916
AAN55823_1	NC_004347.2	2923569	2922562
AAN54680_1	NC_004347.2	1707622	1706798
AAN54032_1	NC_004347.2	993601	993032
AAN54929_1	NC_004347.2	1973914	1973444
AAN57632_1	NC_004347.2	4871985	4870960
AAN53841_1	NC_004347.2	779684	778980
AAN53393_1	NC_004347.2	314207	312987
AAN56457_1	NC_004347.2	3611230	3610274
AAN56898_1	NC_004347.2	4070147	4071586
AAN54591_1	NC_004347.2	1606410	1607864
AAN55474_1	NC_004347.2	2555098	2553971
AAN55475_1	NC_004347.2	2555859	2555095
AAN55477_1	NC_004347.2	2556963	2556061
AAN55476_1	NC_004347.2	2556064	2555861
AAN54004_1	NC_004347.2	959615	961609
AAN54300_1	NC_004347.2	1284754	1282265
AAN54301_1	NC_004347.2	1285948	1284770
AAN54400_1	NC_004347.2	1393068	1393862
AAN55453_1	NC_004347.2	2528785	2526767
AAN55478_2	NC_004347.2	2558537	2556960
AAN54270_1	NC_004347.2	1244411	1245193
AAN54030_1	NC_004347.2	992797	991214
AAN55147_1	NC_004347.2	2198357	2198824
AAN55343_1	NC_004347.2	2414721	2413768
AAN56035_1	NC_004347.2	3134869	3136059
AAN56036_1	NC_004347.2	3136065	3136901
AAN55112_1	NC_004347.2	2163518	2162331
AAN54694_1	NC_004347.2	1721986	1723011
AAN57196_2	NC_004347.2	4400717	4399239
AAN54696_1	NC_004347.2	1723504	1724274
AAN56922_1	NC_004347.2	4094708	4093449
AAN57191_1	NC_004347.2	4394247	4393159
AAN57193_1	NC_004347.2	4396767	4395448
AAN57190_1	NC_004347.2	4393156	4391690
AAN53298_1	NC_004347.2	223638	224663
AAN54360_1	NC_004347.2	1343128	1343928
AAN57243_1	NC_004347.2	4454020	4453217
AAN54688_1	NC_004347.2	1714585	1715412
AAN54719_1	NC_004347.2	1752228	1751215
AAN56173_1	NC_004347.2	3311184	3310255
AAN56269_1	NC_004347.2	3410877	3409882
AAN57646_1	NC_004347.2	4887241	4886078
AAN55507_1	NC_004347.2	2596999	2598186
AAN56268_1	NC_004347.2	3409885	3408740
AAN57195_1	NC_004347.2	4399239	4397857
AAN57186_1	NC_004347.2	4388179	4387259
AAN56785_1	NC_004347.2	3960617	3959220
AAN54686_1	NC_004347.2	1713186	1713914
AAN57647_1	NC_004347.2	4887476	4888207
AAN57284_1	NC_004347.2	4492371	4493615
AAN57283_1	NC_004347.2	4491570	4492310
AAN53517_1	NC_004347.2	459487	460551
AAN55785_1	NC_004347.2	2882454	2881828
AAN55895_1	NC_004347.2	2999544	3000782
AAN53184_1	NC_004347.2	104800	106470
AAN54307_1	NC_004347.2	1291513	1290455
AAN54842_1	NC_004347.2	1876610	1875891
AAN54814_2	NC_004347.2	1841061	1840282
AAN53645_1	NC_004347.2	586522	587403
AAN53961_1	NC_004347.2	915336	913423
